country,name_short,partyfacts_id,name_english_x,page_id,handle,country_left,year_first,year_last,share,share_year,see_comments,data_collected,active_2010_or_after,facebook_handle_found,twitter_handle_TF,twitter_handle,D_comments,J_comments,T_comments
BEL,SPA,1680,Socialist Party Differently,NA,vooruit.nu,Belgium,1978,9999,14.9,1987,,FALSE,TRUE,TRUE,TRUE,vooruit,,,
HRV,GLAS,8178,Civic Liberal Alliance,NA,glas.cla,Croatia,2017,9999,2.6,NA,x,FALSE,TRUE,TRUE,TRUE,strankaglas,This is the handle listed on their offical website but Twitter says the account doesn't exist.  Nothing else came up in searches,,
ESP,IU,247,United Left,74858103866,izquierda.unida,Spain,1986,9999,10.5,1996,,TRUE,TRUE,TRUE,TRUE,IzquierdaUnida,,"This is the handle, but the account seems to have been deleted. This is also a coalition and according to Wikipedia, only the Communist Party of Spain is still active in the coalition.",
GBR,BP,7364,Brexit Party,6205175,thereformpartyuk,UK,2018,9999,31.6,2019,,TRUE,TRUE,TRUE,TRUE,reformparty_uk,,"Name has changed to ""Reform Party"", I suppose since Brexit has already happened. I updated their FB handle too, but the old one still leads to their new one.",
BEL,CSP,6688,Christian Social Party,NA,csp.dg,Belgium,1971,9999,3.6,1994,,FALSE,TRUE,TRUE,TRUE,CSPOstbelgien,,,
BGR,R,5862,Revival,NA,vazrazhdane.bg,Bulgaria,2017,9999,1.1,2017,,FALSE,TRUE,TRUE,TRUE,vazrazhdane,,,
BGR,SDS,482,Union of Democratic Forces,NA,sdsbul,Bulgaria,1989,9999,34.4,1991,,FALSE,TRUE,TRUE,FALSE,,link in case it's needed: https://www.facebook.com/%D0%A1%D1%8A%D1%8E%D0%B7-%D0%BD%D0%B0-%D0%94%D0%B5%D0%BC%D0%BE%D0%BA%D1%80%D0%B0%D1%82%D0%B8%D1%87%D0%BD%D0%B8%D1%82%D0%B5-%D0%A1%D0%B8%D0%BB%D0%B8-191375010936/ ,,
BGR,DB,5861,"Yes, Bulgaria!",NA,dabulgaria.bg,Bulgaria,2017,9999,3,2017,,FALSE,TRUE,TRUE,TRUE,BulgariaDA,,,
HRV,HDSSB,2347,Croatian Democratic Alliance of Slavonia and Baranja,NA,hdssb.hr,Croatia,2006,9999,3,2011,,FALSE,TRUE,TRUE,FALSE,,,,
HRV,Hrast,3138,Croatian Growth,NA,hrast.hr,Croatia,2011,9999,2.5,2013,,FALSE,TRUE,TRUE,TRUE,Stranka_Hrast,,,
HRV,HSS,72,Croatian Peasant Party,NA,hss.hrvatska,Croatia,1904,9999,15.6,2000,,FALSE,TRUE,TRUE,TRUE,HSSHrvatska,,,
HRV,SDSS,2348,Independent Democratic Serb Party,NA,samostalna-demokratska-srpska-stranka-sdss-121388167968667,Croatia,1997,9999,1.5,2007,,FALSE,TRUE,TRUE,FALSE,,,,
HRV,NS-R,4866,People's Party - Reformists,NA,narodna.stranka.reformisti,Croatia,2014,9999,1.5,2015,,FALSE,TRUE,TRUE,TRUE,NS_reformisti,,,
HRV,RiDS-PGS,3133,Rijeka Democratic Alliance -- Alliance of Primorje-Gorski Kotar,NA,jadranko.goranski,Croatia,1990,9999,2.8,2011,,FALSE,TRUE,TRUE,FALSE,,,,
HRV,ORaH,3201,Sustainable Development of Croatia,NA,orah.hr,Croatia,2013,9999,1.7,2015,,FALSE,TRUE,TRUE,TRUE,ORaHrvatske,,,
CZE,SPR‚ÄìRSƒå,1657,Coalition for Republic ‚Äì Republican Party of Czechoslovakia,NA,sprrsc.cz,Czech Republic,1989,9999,8,1996,x,FALSE,TRUE,TRUE,FALSE,,"The Twitter page listed on the party's offical website is for a party offical, and I can't find a party Twitter page.  here's the official's handle in case this is good: @MSladek2015",,
CZE,DSSS,805,Workers' Party of Social Justice,NA,dsss.cz,Czech Republic,2009,9999,1.1,2010,,FALSE,TRUE,TRUE,FALSE,,,,
DNK,FrP,1601,Progress Party,NA,Fremskridtspartiet,Denmark,1973,9999,15.9,1973,,FALSE,TRUE,TRUE,FALSE,,,,
EST,EKD,790,Estonian Christian Democrats,NA,EKD,Estonia,1990,9999,2.4,1999,,FALSE,TRUE,TRUE,FALSE,,,,
FRA,PA,7343,Animalist Party,NA,parti.animaliste,France,2016,9999,2.2,2019,,FALSE,TRUE,TRUE,TRUE,PartiAnimaliste,,,
FRA,PG,8359,Left Party,NA,partidegauche.national,France,2009,9999,6.6,2014,,FALSE,TRUE,TRUE,TRUE,LePG,,,
FRA,MF,364,Movement for France,NA,pourlafrance.fr,France,1994,9999,1.2,2007,x,FALSE,TRUE,TRUE,TRUE,le_pcd,"Party dissolved in 2018, Twitter page is private",,
DEU,ODP,7345,Ecological Democratic Party,NA,oedp.de,Germany,1982,9999,1,2019,,FALSE,TRUE,TRUE,TRUE,oedp_de,,,
GRC,D-FS,1130,Action -- Liberal Alliance,NA,drassi.gr,Greece,2009,9999,1.8,2012,x,FALSE,TRUE,TRUE,FALSE,,The party was suspended in 2019,,
GRC,MR25,7348,European Realistic Disobedience Front [MeRa25],NA,mera25.gr,Greece,2018,9999,3.4,2019,,FALSE,TRUE,TRUE,TRUE,mera25_gr,,,
GRC,Antarsya,95,Front of the Greek Anticapitalist Left,NA,ANT,Greece,2009,9999,1.2,2012,,FALSE,TRUE,TRUE,TRUE,ANTARSYAPress,,,
GRC,PASOK,1468,Panhellenic Socialist Movement,NA,pasok.gr,Greece,1974,9999,48.1,1981,,FALSE,TRUE,TRUE,TRUE,pasok,,,
HUN,FKgP,1294,Independent Smallholders Party (1988),NA,FKgP,Hungary,1930,9999,13.1,1998,x,FALSE,TRUE,TRUE,FALSE,,"Interestingly enough, their offical page is their FB page!",,
ITA,PRC,1404,Communist Refoundation Party,NA,rifondazione.comunista,Italy,1992,9999,8.6,1996,,FALSE,TRUE,TRUE,TRUE,direzioneprc,,,
ITA,CD,2278,Democratic Centre,NA,centro.democratico.ita,Italy,2013,9999,0.5,2013,,FALSE,TRUE,TRUE,FALSE,,,,
ITA,FdV,851,Federation of the Greens,NA,europaverde.verdi,Italy,1987,9999,2.8,1992,,FALSE,TRUE,TRUE,FALSE,,"The only Twitter handles I could find were for local parties, not a 'main' party one",,
ITA,PdCI,1635,Party of Italian Communists,NA,partitocomunistaitaliano,Italy,2001,2014,2.2,2006,,FALSE,TRUE,TRUE,TRUE,ilPCI,"Apparently this party has been thru a few name confirgurations, but this should be the most recent one, arrivate at in 2014",,
ITA,PaP,8247,Power to the People,NA,poterealpopolo.org,Italy,2017,9999,1.1,2018,,FALSE,TRUE,TRUE,TRUE,potere_alpopolo,,,
LVA,ViLa,3195,United for Latvia,NA,Vienti-Latvijai,Latvia,2011,9999,1.2,2014,x,FALSE,TRUE,TRUE,FALSE,,"There are a few Twitter accounts with similar names, but none are very active or verified",,
HUN,Fidesz,1691,Fidesz ‚Äì Hungarian Civic Alliance,5458001,fideszhu,Hungary,1988,9999,41.1,2002,,TRUE,TRUE,TRUE,TRUE,Fideszmpsz,FB handle was incorrect - has been updated with the correct one,,
HUN,MM,8249,Momentum Movement,12065205,momentum.mozgalom,Hungary,2017,9999,3.1,2018,,TRUE,TRUE,TRUE,TRUE,momentumhu,,,
ITA,M5S,2046,Five Star Movement,374785,movimento5stelle,Italy,2009,9999,25.6,2013,x,TRUE,TRUE,TRUE,TRUE,Mov5Stelle,"FB handle was incorrect, I updated it",,
LVA,LZS,1702,Latvian Farmers' Union,2831386,lzsropazi,Latvia,1917,9999,10.7,1993,,TRUE,TRUE,TRUE,FALSE,,,,
LTU,ULL,8257,For Lithuania in Lithuania,3.11E+14,uzlietuvalietuvoje,Lithuania,2012,2014,1,2012,,TRUE,TRUE,TRUE,FALSE,,,,
LTU,LiCS,1193,Liberal and Centre Union,1.76E+14,lics.lt,Lithuania,2003,2014,9.2,2004,X,TRUE,TRUE,TRUE,FALSE,,,Merged into the freedom union (row 373) in 2014,
LTU,LRLS,1744,Liberals' Movement of the Republic of Lithuania,81004804444,liberalai,Lithuania,2008,9999,8.6,2012,,TRUE,TRUE,TRUE,TRUE,liberalai,,,
LTU,LLS,1410,Lithuanian Liberty Union,1.02E+14,laisveirteisingumaspartija,Lithuania,1992,2011,1.6,1996,X,TRUE,TRUE,TRUE,FALSE,,,Changed name to Laisvė ir Teisingumas from Lietuvos Laisvės Sąjunga in 2020.,
LTU,List,6738,Lithuanian List,3.39E+14,ltsarasas,Lithuania,2012,9999,1.8,2016,,TRUE,TRUE,TRUE,FALSE,,,,
LTU,LLP,8256,Lithuanian People's Party,2.68E+14,lietuvosliaudiespartija,Lithuania,2014,2014,1.1,2016,,TRUE,TRUE,TRUE,FALSE,,,,
LTU,LSDS,8258,Lithuanian Social Democratic Union,NA,lietuvossocialdemokratusajunga,Lithuania,1999,2014,0.9,2008,X,TRUE,TRUE,TRUE,FALSE,,,Dissolved in 2014 but FB page is still up,
LTU,LSDDP,7352,Social Democratic Labour Party of Lithuania,1.54E+14,lsddpartija,Lithuania,2018,9999,2.4,2019,,TRUE,TRUE,TRUE,FALSE,,,,
LTU,DK,74,The Way of Courage,6.71E+14,drasos.kelias.partija,Lithuania,2012,9999,8,2012,,TRUE,TRUE,TRUE,FALSE,,,,
LUX,CSV,539,Christian Social People's Party,56016549775,csv.lu,Luxembourg,1944,9999,42.4,1954,,TRUE,TRUE,TRUE,TRUE,CSV_news,,,
LUX,KPL,1647,Communist Party of Luxembourg,1.32E+14,kommunistesch.partei,Luxembourg,1945,9999,16.9,1948,,TRUE,TRUE,TRUE,FALSE,,,,
LUX,DP,300,Democratic Party,2.81E+14,demokrateschpartei,Luxembourg,1945,9999,22.2,1974,,TRUE,TRUE,TRUE,TRUE,dp_lu,,,
LUX,PID,2064,Party for Full Democracy,8.41E+14,parteifirintegraldemokratie,Luxembourg,2013,9999,1.5,2013,,TRUE,TRUE,TRUE,TRUE,pid_lu,,,
LUX,VL,7353,Volt Luxembourg,7.66E+14,voltluxembourg,Luxembourg,2017,9999,2.1,2019,X,TRUE,TRUE,TRUE,TRUE,voltluxembourg,,Still not convinced this is an actual party (like Volt NL),
NLD,50+,714,50PLUS,3.48E+14,50PLUSpartij,Netherlands,2009,9999,1.9,2012,,TRUE,TRUE,TRUE,TRUE,50pluspartij,,,
NLD,CDA,1157,Christian Democratic Appeal,3.2E+11,kiescda,Netherlands,1980,9999,35.3,1989,,TRUE,TRUE,TRUE,TRUE,cdavandaag,,,
NLD,D66,45,Democrats 66,52985377549,d66,Netherlands,1966,9999,15.5,1994,,TRUE,TRUE,TRUE,TRUE,D66,,,
NLD,PVV,298,Party for Freedom,NA,partijvoordevrijheid,NLD,2006,9999,15.4,2010,X,TRUE,TRUE,TRUE,TRUE,PVV2021,,,
NLD,VVD,828,People's Party for Freedom and Democracy,1.21E+14,vvd,Netherlands,1948,9999,26.6,2012,,TRUE,TRUE,TRUE,TRUE,VVD ,,,
NLD,SP,1363,Socialist Party,1.28E+11,socialistischepartij,Netherlands,1971,9999,16.6,2006,,TRUE,TRUE,TRUE,TRUE,SPnl,,,
NLD,VN,7355,Volt Netherlands,714689,voltnederland,Netherlands,2018,9999,1.9,2019,x,TRUE,TRUE,TRUE,TRUE,VoltNederland,,I think this is a political organization but not an actual political party. Just flagging that.,
NOR,Kp,677,Coastal Party,2.78E+14,kystpartiet,Norway,1999,9999,1.7,2001,,TRUE,TRUE,TRUE,TRUE,Kystpartiet,,,
NOR,NKP,1079,Communist Party of Norway,1.58E+14,norgeskommunistiskeparti,Norway,1923,9999,11.9,1945,,TRUE,TRUE,TRUE,FALSE,,,Seems their twitter account @nkpnorge has been deleted.,
NOR,V,1173,Liberal Party of Norway,10254410675,venstre.no,Norway,1884,9999,54,1900,,TRUE,TRUE,TRUE,TRUE,Venstre,,,
POL,KORWIN,4629,Coalition for the Renewal of the Republic ‚Äì Liberty and Hope,1.67E+15,korwin1.koszalin,Poland,2015,9999,4.8,2015,,TRUE,TRUE,TRUE,TRUE,Partia_KORWiN,,,
POL,KNP,4713,Congress of the New Right,2.05E+14,kongresnowejprawicy,Poland,2011,9999,1.1,2011,,TRUE,TRUE,TRUE,TRUE,NowaPrawica,,,
POL,SLD,57,Democratic Left Alliance,NA,nowaalewica,Poland,1991,9999,41,2001,X,TRUE,TRUE,TRUE,TRUE,__Lewica,,This party changed its name to Nowa Lewica. Updated FB and Twitter handles here. ,
POL,PD,1566,Democratic Party,NA,demokracipl,Poland,2005,2016,13.2,2007,,TRUE,TRUE,TRUE,TRUE,UniaEuroDem,,,
POL,MN,1439,German minority,NA,deutscheminderheitinoppeln,Poland,1991,9999,1.2,1991,X,TRUE,TRUE,TRUE,TRUE,NiemcywPolsce,,"This political party (German minority) seems to be tied to a German Heritage organization FB page (the party's website FB widget leads to the FB handle). I can't exactly tell if the party is involved in posting on this page, but most of it seems to be about german cultural events in Poland. Not sure if we want to use this.",It also appears to be the same FB page as the following row. Not sure what to do here but let's keep it for now
POL,Razem,4871,[Left] Together,4.3E+14,partiarazem,Poland,2015,9999,3.6,2015,,TRUE,TRUE,TRUE,TRUE,partiarazem,,,
POL,ROP,1712,Movement for the Reconstruction of Poland,NA,ropimjo,Poland,1995,2012,5.6,1997,X,TRUE,TRUE,TRUE,FALSE,,,"I'm a little confused by this one because the FB page I found (under the name ROPimJO rather than just ROP) has  posts up until 2019, but what I can find online says that the party ceased operations in 2012... It could be that they kept posting even though the party was dissolved, but it doesn't seem normal based on the other parties I've looked at. The FB page seems legit though. For twitter: Can't find anything that looks like an official party handle. ",This is odd but let's keep it. We can always drop the later data from when they have been inactive.
POL,PjN,41,Poland is the Most Important,NA,polskajestnajwazniejsza,Poland,2010,2013,2.2,2011,,TRUE,TRUE,TRUE,FALSE,,,Can't find anything that looks like an official party handle.,
POL,UPR,283,Real Politics Union,1.71E+14,uniapolitykirealnej,Poland,1991,2011,3.2,1993,,TRUE,TRUE,TRUE,TRUE,UPR_org,,,
POL,PR,876,Republic Right Party,2.63E+11,prawicarzeczypospolitej,Poland,2007,9999,2,2009,,TRUE,TRUE,TRUE,TRUE,Prawica_Rz,,,
POL,SRP,727,Self-Defense of the Republic Poland,5.18E+14,zzrsamoobrona,Poland,1992,9999,11.4,2005,,TRUE,TRUE,TRUE,TRUE,samoobronaorgpl,,This looks like their official account but it only has one tweet and very few followers,
PRT,CDS/PP,1308,Democratic and Social Center / People's Party,8.15E+14,cdspp,Portugal,1975,9999,16.8,1976,,TRUE,TRUE,TRUE,TRUE,_CDSPP,,,
PRT,ID,387,Democratic Intervention,5.11E+14,intervencaodemocratica1987,Portugal,1987,9999,0.8,1987,,TRUE,TRUE,TRUE,FALSE,,,Can't find anything that looks like an official party handle.,
PRT,CH,8182,Enough,1.99E+15,partidochegaoficial,Portugal,2019,9999,1.3,2019,,TRUE,TRUE,TRUE,TRUE,PartidoCHEGA,,,
PRT,PDR,4513,Republican Democratic Party,2.06E+14,pdr.portugal,Portugal,2014,9999,1.2,2015,,TRUE,TRUE,TRUE,TRUE,PDR_PT,,,
PRT,NC,7358,"We, the Citizens!",1.50E+15,noscidadaos,Portugal,2015,9999,1.1,2019,,TRUE,TRUE,TRUE,TRUE,NOSCIDADAOS,,,
PRT,POUS/PST,1106,Workers Party of Socialist Unity,NA,pous4,Portugal,1980,9999,1.4,1980,,TRUE,TRUE,TRUE,FALSE,,,Can't find anything that looks like an official party handle.,
ROU,FC,2473,Civic Force,NA,fortacivica,Romania,2004,2014,2.6,2014,X,TRUE,TRUE,TRUE,TRUE,FortaCivicaBN,,"Dissolved in 2014. FB page still looks active (last post October 2020) so I'm not sure it's necessarily *their* content, but it looks like the party's official page. For Twitter: This looks like their official account but it only has one tweet and very few followers",
ROU,PV,7033,Green Party,1.14E+14,partidul.verde,Romania,2005,9999,0.9,2012,,TRUE,TRUE,TRUE,TRUE,verzii,,,
ROU,PP-DD,2474,People's Party ‚Äì Dan Diaconescu,NA,ppdd.official,Romania,2011,9999,14,2012,,TRUE,TRUE,TRUE,FALSE,,,Can't find anything that looks like an official party handle.,
ROU,PROR,7359,PRO Romania,2.18E+15,proromaniaoficial,Romania,2018,9999,6.4,2019,,TRUE,TRUE,TRUE,TRUE,PRORomaniaNat,,,
ROU,PSD,120,Social Democratic Party,2.91E+14,partidulsocialdemocrat,Romania,1996,9999,58.6,2012,,TRUE,TRUE,TRUE,TRUE,psdbiroupresa,,,
ROU,PRU,5854,United Romania Party,7.98E+14,pruoficial,Romania,2016,9999,2.8,2016,,TRUE,TRUE,TRUE,FALSE,,,Can't find anything that looks like an official party handle.,
SVK,99%,629,99 Percent ‚Äì Civic Voice,2.95E+14,mysme99percent,Slovakia,2011,9999,1.6,2012,,TRUE,TRUE,TRUE,FALSE,,,Can't find anything that looks like an official party handle.,
SVK,ZZ-DS,1181,"Change from the Bottom, Democratic Union of Slovakia",2.1E+14,zmenazdola,Slovakia,2012,9999,1.3,2012,,TRUE,TRUE,TRUE,FALSE,,,Can't find anything that looks like an official party handle.,
SVK,OKS,665,Civic Conservative Party,56934005952,obcianska.konzervativna.strana,Slovakia,2004,9999,2.3,2010,,TRUE,TRUE,TRUE,FALSE,,,Can't find anything that looks like an official party handle.,
SVK,KSS,340,Communist Party of Slovakia,6.04E+14,komunistickastranaslovenska,Slovakia,1992,9999,6.3,2002,,TRUE,TRUE,TRUE,FALSE,,,Can't find anything that looks like an official party handle.,
SVK,Smer ‚Äì SD,311,Direction ‚Äì Social Democracy,7518396,smersd,Slovakia,1999,9999,44.4,2012,,TRUE,TRUE,TRUE,TRUE,smersd,,,
SVK,Za,8394,Forthe People,2.11E+15,zaludisk,Slovakia,2019,9999,5.8,2020,,TRUE,TRUE,TRUE,FALSE,,,"Couldn't find an official party twitter, only the party leader's twitter",
SVK,NaS-NS,2132,Nation and Justice-Our Party,1.49E+14,narod.a.spravodlivost,Slovakia,2011,2014,1.4,2014,,TRUE,TRUE,TRUE,TRUE,strana_NaS,,This handle is linked on their official webpage but the account hasn't been active since 2015 and has almost no followers.,
SVK,NOVA,6686,New Majority,1.92E+14,novavacsina,Slovakia,2012,9999,6.8,2014,,TRUE,TRUE,TRUE,?,,,"I found this twitter handle: @nova_vacsina, but it doesn't seem official and has very few followers.",
SVK,SDKU-DS,1617,Slovak Democratic and Christian Union ‚Äì Democratic Party,1.41E+14,demokratickastrana,Slovakia,2000,9999,18.4,2006,,TRUE,TRUE,TRUE,FALSE,,,Can't find anything on Twitter.,
SVN,SS,3204,Dream Job,NA,dasanjskasluzba,Slovenia,2014,9999,3.5,2014,,TRUE,TRUE,TRUE,TRUE,SanjskaSluzba,,,
SVN,DD,6133,Good Country,1.19E+15,dobradrzava,Slovenia,2018,2018,1.5,2018,,TRUE,TRUE,TRUE,TRUE,DobraDrzava,,,
SVN,LDS,975,Liberal Democracy of Slovenia,12185646529,strankalds,Slovenia,1990,9999,36.3,2000,,TRUE,TRUE,TRUE,TRUE,LDSstranka,,,
SVN,LIPA,881,Party Lime Tree,38787747531,strankalipa,Slovenia,2008,9999,1.8,2008,,TRUE,TRUE,TRUE,FALSE,,,FB page hasn't been active since 2012 and I can't find anything on Twitter.,
SVN,SMC,3098,Party of Miro Cerar / Modern Center Party,1.51E+15,strankasmc,Slovenia,2014,9999,34.5,2014,,TRUE,TRUE,TRUE,TRUE,StrankaSMC ,,,
ESP,PACMA,3219,Animalist Party Against Mistreatment to Animals,72181181684,partidoanimalista.pacma,Spain,2003,9999,1.2,2016,,TRUE,TRUE,TRUE,TRUE,PartidoPACMA,,,
ESP,PAR,946,Aragonese Regionalist Party,1.77E+14,partidoaragones,Spain,1978,9999,1.4,2011,,TRUE,TRUE,TRUE,TRUE,AragonPAR,,,
ESP,PNV,1637,Basque Nationalist Party,26830001203,eajpnv,Spain,1895,9999,1.9,1982,,TRUE,TRUE,TRUE,TRUE,eajpnvgipuzkoa,,,
ESP,EA,1324,Basque Solidarity,9.98E+14,ealkartasuna,Spain,1986,9999,0.7,1989,,TRUE,TRUE,TRUE,TRUE,ealkartasuna,,,
ESP,PDeCAT,6027,Catalan European Democratic Party,1.55E+11,pdemocratacat,Spain,2016,9999,2.2,2016,,TRUE,TRUE,TRUE,TRUE,Pdemocratacat ,,,
ESP,CC,5623,Commitment Coalition,1.94E+14,coaliciocompromis,Spain,2010,9999,2.7,2015,X,TRUE,TRUE,TRUE,TRUE,compromis,,"Is a coalition, but remains active and prominent.",
ESP,PCE,8186,Communist Party of Spain,2.94E+14,elpce,Spain,1921,9999,2.5,1936,,TRUE,TRUE,TRUE,TRUE,elpce,,,
ESP,PCPE,8185,Communist Party of the Peoples of Spain,2.22E+14,pcpe.web,Spain,1984,9999,4.6,1986,,TRUE,TRUE,TRUE,TRUE,webpcpe,,,
ESP,CiU,139,Convergence and Unity,1.34E+11,ciu.cat,Spain,1977,2015,5.1,1989,,TRUE,TRUE,TRUE,FALSE,,,"Party dissolved in 2015, FB page is still up but I can't find anything on Twitter.",
ESP,UDC,4796,Democratic Union of Catalonia,2.84E+14,unio.cat,Spain,1931,2017,1.7,2011,,TRUE,TRUE,TRUE,FALSE,,,"Party dissolved in 2017, FB page is still up but I can't find anything on Twitter. ",
ESP,BNG,1011,Galician Nationalist Block,1.28E+14,obloque,Spain,1982,9999,1.3,2000,,TRUE,TRUE,TRUE,TRUE,obloque ,,,
ESP,ECP,8031,In Common We Can,4.64E+14,encomupodem,Spain,2015,9999,3.7,2015,X,TRUE,TRUE,TRUE,TRUE,EnComu_Podem,,"This is a coalition between Unidas Podemos, Barcelona en Comú, Initiative for Catalonia Greens, United and Alternative Left and Equo. It's still active but I don't know if we should use it since it's a coalition...",
ESP,ICV,1260,Initiative for Catalonia Greens,1.48E+14,iniciativapercatalunyaverds,Spain,1987,9999,0.8,2011,X,TRUE,TRUE,TRUE,TRUE,iniciativa,,Was dissolved in 2019 but still has FB posts until July 2019.,
ESP,EM,5873,In Tide,1.73E+15,enmareagal,Spain,2015,9999,1.6,2015,,TRUE,TRUE,TRUE,TRUE,En_Marea,,,
ESP,UPN,722,Navarrese Peoples Union,1.07E+11,uniondelpueblonavarro,Spain,1979,9999,0.6,2004,,TRUE,TRUE,TRUE,TRUE,upn_navarra,,,
ESP,CUP,8357,Popular Unity Candidacy,1.56E+14,unitatpopular,Spain,1991,9999,1,2019,,TRUE,TRUE,TRUE,TRUE,cupnacional,,,
ESP,PSOE-A,6632,Spanish Socialist Workers' Party of Andalusia,1.92E+11,psoe.andalucia,Spain,1977,9999,9.9,1982,,TRUE,TRUE,TRUE,TRUE,psoedeandalucia,,I don't really know why this party is listed because this just seems to be a regional branch of PSOE (above),
ESP,EU,449,United Extremadura,1.94E+14,extremaduraunida,Spain,1980,9999,1.4,2011,,TRUE,TRUE,TRUE,TRUE,exunida,,,
ESP,Vox,3218,Voice,4.67E+14,voxespana,Spain,2013,9999,10,2019,,TRUE,TRUE,TRUE,TRUE,vox_es,,,
CHE,BDP,1415,Conservative Democratic Party of Switzerland,1.29E+14,bdpschweiz,Switzerland,2008,9999,5.4,2011,,TRUE,TRUE,TRUE,TRUE,BDPSchweiz,,,
CHE,FDP,1231,FDP.The Liberals,12065190,fdp.dieliberalen,Switzerland,2009,9999,16.4,2015,,TRUE,TRUE,TRUE,TRUE,FDP_Liberalen,,,
CHE,EDU,631,Federal Democratic Union of Switzerland,2.16E+11,eduschweiz,Switzerland,1979,9999,1.3,1995,,TRUE,TRUE,TRUE,TRUE,EDUSchweiz,,,
CHE,GPL,1759,Green Liberal Party,2749463,grunliberale,Switzerland,2007,9999,5.4,2011,,TRUE,TRUE,TRUE,TRUE,grunliberale,,,
CHE,PdA,669,Swiss Party of Labour,1.89E+15,partisuissedutravail,Switzerland,1944,9999,5.1,1947,,TRUE,TRUE,TRUE,TRUE,pst_pop,,,
GBR,CoPA,4885,Co-operative Party,7569385657,coopparty,UK,1917,9999,3.8,2015,,TRUE,TRUE,TRUE,TRUE,CoopParty,,,
GBR,ED,1675,English Democrats,2.07E+11,www.engdem.org,UK,2002,9999,1.8,2009,,TRUE,TRUE,TRUE,TRUE,EnglishDemocrat,,,
GBR,GP-NI,8240,Green Party in Northern Ireland,6.42E+14,greenparty,UK,1983,9999,1,2015,,TRUE,TRUE,TRUE,TRUE,GreenPartyNI,,,
GBR,IN,2050,Irish Nationalist [Northern Ireland],NA,anpairtinaisiunta,UK,1945,9999,12.8,1885,X,TRUE,TRUE,TRUE,TRUE,NationalPartyIE,,"I *think* this is the National Party of Ireland https://nationalparty.ie/. It doesn't seem like any ""Irish Nationalist"" party exists under that name, which makes sense since the share_year is 1885, so the party must've changed since then.... but I'm unsure about this one. Seems like an interesting right-wing party to include though. ",
GBR,SGP,6687,Scottish Green Party,17999726169,scottishgreens,UK,1990,9999,8.1,2014,,TRUE,TRUE,TRUE,TRUE,scotgp,,,
DEU,Z,1798,Centre Party,NA,zentrumspartei,Germany,1870,9999,13.6,1920,,FALSE,TRUE,TRUE,TRUE,zentrum1870,,,
ITA,SEL,7031,Left Ecology Freedom,NA,SinistraEcologiaELibertaEuropa,Italy,2009,2016,3.2,2013,,FALSE,TRUE,TRUE,TRUE,SI_sinistra,,,
GBR,SLP,1277,Socialist Labour Party,NA,socialistlabourpartyGB,UK,1996,9999,1.1,2009,x,FALSE,TRUE,TRUE,TRUE,slp_gb,"This is listed as the offical Twitter on their website but looks like a local page? There really arent any other socialist labour pages on Twitter, so I think this is offical but reads local from teh name",,
DNK,Enh,1527,Red-Green Alliance,676323,enhedslisten,Denmark,1989,9999,7.6,2015,,TRUE,TRUE,TRUE,TRUE,enhedslisten,,,
FIN,VAS,1044,Left Alliance,639505,vasemmisto,Finland,1990,9999,11.2,1995,,TRUE,TRUE,TRUE,TRUE,vasemmisto,,,
DEU,NPD,1723,National Democratic Party,339073,npd.de,Germany,1964,9999,4.3,1969,,TRUE,TRUE,TRUE,TRUE,npdde,Twitter says this account ahs been suspended,,
PRT,PCTP/MRPP,857,Communist Party of the Portuguese Workers / Reorganizative Movement of the Party of the Proletariat,12065192,vermelhaestrela,Portugal,1994,9999,1.2,2011,,TRUE,TRUE,TRUE,TRUE,pctpmrpp,,,
CHE,KK/CVP,1808,Catholic Conservative / Christian Democratic Peoples Party,466984,CVP.PDC.PPD.PCD,Switzerland,1912,9999,23.4,1963,,TRUE,TRUE,TRUE,TRUE,Mitte_Centre,,"Merged with BDP (below) in January 2021. Both FB and Twitter accounts no longer exist (links broken), but maybe the data is still out there somehow?",
AUT,KPO,996,Communist Party of Austria,NA,kpoe.at,Austria,1945,9999,5.4,1945,,FALSE,TRUE,TRUE,TRUE,KPOE_EL,,,
AUT,GILT,6138,My Vote Counts!,NA,GiltOesterreich,Austria,2017,2017,1,2017,,FALSE,TRUE,TRUE,TRUE,GILTofficial,,,
AUT,PILZ,6137,Peter Pilz List,NA,jetzt.de,Austria,2017,2017,4.4,2017,x,FALSE,TRUE,TRUE,TRUE,jetzt,"According to wiki, this party is now Jetzt",,
AUT,Fritz,439,The Citizens`Forum Austria,NA,listefritz,Austria,2008,9999,1.8,2008,,FALSE,TRUE,TRUE,TRUE,ListeFritz,,,
BEL,Ecolo,1563,Confederated ecologists for the organisation of original struggles,NA,ecolo,Belgium,1979,9999,7.3,1999,,FALSE,TRUE,TRUE,TRUE,Ecolo,,,
BEL,FDF,698,Front D√©mocratique des Francophones / D√©FI,NA,DemocrateFederalisteIndependant,Belgium,1964,9999,5,1974,,FALSE,TRUE,TRUE,TRUE,defi_eu,,,
BEL,CDH,2338,Humanist Democratic Centre,NA,lecdh,Belgium,2002,9999,5.9,1999,,FALSE,TRUE,TRUE,TRUE,lecdh,,,
BEL,FN,191,National Front,NA,DemocratieNationale,Belgium,1985,2012,2.3,1995,x,FALSE,TRUE,TRUE,TRUE,DNatbe,"Accroding to the Wiki for the National Front, they are now National Democracy, so I put that FB handle here",,
BGR,M21,3200,Movement 21,NA,D21Bulgaria,Bulgaria,2014,2014,1.2,2014,,FALSE,TRUE,TRUE,FALSE,,No luck with locating a Twitter handle,,
BGR,Volya,5863,Will,NA,VolyaZaRazvitie,Bulgaria,2017,9999,4.3,2017,x,FALSE,TRUE,TRUE,FALSE,,"They have the icon for Twitter on their offical website but it just redirects back to the main page, nothing came up in searches",,
HRV,HKDS,5458,Croatian Christian Democratic Party,NA,demokrscanihds,Croatia,2009,9999,3,1992,,FALSE,TRUE,TRUE,TRUE,HdsHrvatska,Link on their offical website just takes you back to Twitter but I found this when searching!,,
HRV,CL-LP,3143,Croatian Labourists ‚Äì Labour Party,NA,laburisti,Croatia,2010,9999,4.2,2011,,FALSE,TRUE,TRUE,TRUE,LaburistiHR,,,
HRV,HSU,2062,Croatian Party of Pensioners,NA,hrvatskastrankaumirovljenika,Croatia,1996,9999,4.1,2003,,FALSE,TRUE,TRUE,FALSE,,,,
HRV,HSP-1861,3142,Croatian Party of Right of 1861,NA,IstinskiPravasi,Croatia,1995,9999,1.1,2000,,FALSE,TRUE,TRUE,FALSE,,,,
HRV,HSP-AS,3706,Croatian Party of Rights -- Dr. Ante Starcevic,NA,hspAnteStarcevic,Croatia,2009,9999,0.6,2011,,FALSE,TRUE,TRUE,FALSE,,,,
HRV,HSLS,214,Croatian Social Liberal Party,NA,LiberaliHSLS,Croatia,1989,9999,4.1,2003,,FALSE,TRUE,TRUE,TRUE,LiberaliHSLS ,,,
HRV,IDS,513,Istrian Democratic Assembly,NA,idsddi,Croatia,2000,9999,1.5,2007,,FALSE,TRUE,TRUE,TRUE,IDSDDI,,,
HRV,AM,3136,Youth Action,NA,akcijamladih,Croatia,2005,9999,1.5,2013,,FALSE,TRUE,TRUE,TRUE,AkcijaMladih,,,
CZE,KAN,2142,Club of committed Non-Party Members,NA,KANoficialni,Czech Republic,1990,9999,2.7,1992,,FALSE,TRUE,TRUE,FALSE,,,,
CZE,CSSD,177,Czech Social Democratic Party,NA,cssdcz,Czech Republic,1990,9999,32.3,2006,,FALSE,TRUE,TRUE,TRUE,CSSD,,,
CZE,LIDEM,1127,LIDEM,NA,stranakonzervativnipravice,Czech Republic,2012,9999,4,2012,x,FALSE,TRUE,TRUE,FALSE,,"Ok so this one is kind of a trip.... according to Wiki, LIDEM changed its name to Order of the Nation, which is Rad Naroda(RN) in czech.  Looks like they've since added conservative right party to their name, which is where the FB handle comes from (conservative right party in czech + rad naroda = SKP RN)",,
CZE,SNK-ED,751,SNK European Democrats,NA,snked,Czech Republic,2004,9999,2.8,2002,,FALSE,TRUE,TRUE,FALSE,,,,
CZE,S-JB,293,Sovereignty ‚Äì Jana Bobosikova Bloc,NA,ceskasuverenita,Czech Republic,2009,9999,3.7,2010,,FALSE,TRUE,TRUE,FALSE,,,,
CZE,H,7337,Voice,NA,hnutihlas,Czech Republic,2019,2019,2.4,2019,,FALSE,TRUE,TRUE,TRUE,hnutihlas,,,
DNK,Siumut,6651,Forward,NA,partiisiumut,Denmark,1971,9999,5.6,1979,,FALSE,TRUE,TRUE,FALSE,,,,
DNK,SK,7338,Hard Line,NA,StramKurs,Denmark,2017,9999,1.8,2019,,FALSE,TRUE,TRUE,FALSE,,,,
DNK,LA,212,[New] Liberal Alliance,NA,LiberalAlliance,Denmark,2007,9999,7.4,2015,,FALSE,TRUE,TRUE,FALSE,,,,
EST,ER,821,Estonian Reform Party,NA,reformierakond,Estonia,1994,9999,28.6,2011,,FALSE,TRUE,TRUE,TRUE,reformikad,,,
EST,EV,3271,Free Party,NA,eestivabaerakond,Estonia,2014,9999,8.7,2015,x,FALSE,TRUE,TRUE,FALSE,,Recently merged with the Estonian biodiversity party to make the Estonian Party For the Future,,
EST,ERL,110,People's Union of Estonia,NA,eestimaa.rahvaliit.3,Estonia,2000,2012,13,2003,x,FALSE,TRUE,TRUE,TRUE,rahvaliitlane,"From Wiki -  on 24 March 2012, the party merged with the Estonian Patriotic Movement into the Conservative People's Party of Estonia, so it's no longer a party.  ",,
FIN,SKP,7030,Communist Party of Finland,NA,suomenkommunistinenpuolue,Finland,1984,9999,11.2,1995,,FALSE,TRUE,TRUE,TRUE,Kommunistit,,,
FIN,KOK,495,National Coalition Party,NA,kokoomus,Finland,1927,9999,23.1,1987,,FALSE,TRUE,TRUE,TRUE,kokoomus,,,
FIN,UV/SIN,5859,New Alternative / Blue Reform,NA,SininenTulevaisuusRp,Finland,2017,9999,1,2019,,FALSE,TRUE,TRUE,TRUE,SinisetRp,,,
FRA,AC,1177,Centrist Alliance,NA,alliancecentriste,France,2009,9999,0.6,2012,,FALSE,TRUE,TRUE,TRUE,AllianceC,,,
FRA,MDC/PR,3156,Citizens' Movement / Republican Alliance,NA,mouvementrepublicainetcitoyen,France,1993,9999,2.8,1997,,FALSE,TRUE,TRUE,TRUE,MRC_France,,,
FRA,MoDem,496,Democratic Movement,519719,mouvementdemocrate,France,2007,9999,7.6,2007,,FALSE,TRUE,TRUE,TRUE,MoDem,,,
FRA,Gs,7342,"Generation.s, the movement",NA,GenerationsLeMvt,France,2017,9999,3.3,2019,,FALSE,TRUE,TRUE,TRUE,GenerationsMvt,,,
FRA,NC,1255,New Centre,NA,LesCentristesFr,France,2007,9999,2.4,2007,,FALSE,TRUE,TRUE,TRUE,LesCentristes_,,,
FRA,PR,14,Radical [Socialist] Party,NA,Parti radical,France,1901,2017,28.5,1906,x,FALSE,TRUE,TRUE,FALSE,,"This party and the radical party of the left (row 198) had merger negotiations in 2017 that kind of fell apart - this party got some members of radical party of the left and a name change, while radical party of the left dissolved, and was later resurrected ",,
DEU,BP,61,Bavarian Party,NA,Bayernpartei,Germany,1946,9999,4.2,1949,,FALSE,TRUE,TRUE,TRUE,Bayernpartei,,,
DEU,CDU,1375,Christian Democratic Union,NA,CDU,Germany,1949,9999,39.7,1957,,FALSE,TRUE,TRUE,TRUE,CDU,,,
DEU,CDU/CSU,211,Christian Democratic Union / Christian Social Union,NA,cducsubundestagsfraktion,Germany,1949,9999,50.2,1957,,FALSE,TRUE,TRUE,TRUE,cducsubt,,,
GRC,SYN,516,Coalition of the Left,NA,synaspismosGR,Greece,1989,2013,13.1,1989,,FALSE,TRUE,TRUE,TRUE,Synaspismos,,,
GRC,E-OAD,7346,"Greece, the Other Way",NA,elladaoallosdromos,Greece,2017,9999,1.2,2019,,FALSE,TRUE,TRUE,FALSE,,,,
GRC,KIDISO,3212,Movement of Democratic Socialists,NA,KinimaDimokratonSosialiston,Greece,2015,9999,2.5,2015,,FALSE,TRUE,TRUE,TRUE,tokinima,,,
GRC,KEK,2508,Party of Greek Hunters,NA,kommaellinonkinigon,Greece,1990,9999,1.3,2009,,FALSE,TRUE,TRUE,FALSE,,,,
HUN,KDNP,1412,Christian Democratic People's Party,NA,kdnphu,Hungary,1944,9999,7,1994,,FALSE,TRUE,TRUE,TRUE,kdnphu,,,
HUN,PM,3115,Dialogue for Hungary,NA,parbeszedmagyarorszagert,Hungary,2013,9999,7.2,2014,,FALSE,TRUE,TRUE,TRUE,parbeszedPM,This is the handle listed on their offical website but Twitter says the account doesn't exist.  Nothing else came up in searches,,
HUN,LMP,1650,Politics Can Be Different,NA,lehetmas,Hungary,2010,9999,7.5,2010,,FALSE,TRUE,TRUE,TRUE,lehet_mas,,,
IRL,AAA / S,8242,Anti-Austerity Alliance / Solidarity,NA,solidarityie,Ireland,2014,9999,2,2016,,FALSE,TRUE,TRUE,TRUE,solidarityie,,,
IRL,SF,4,Sinn Fein (Provisional),NA,sinnfein,Ireland,1970,9999,9.9,2011,,FALSE,TRUE,TRUE,TRUE,sinnfeinireland,,,
IRL,SP,1448,Socialist Party,NA,SocialistPartyIreland,Ireland,1996,9999,1.2,2011,,FALSE,TRUE,TRUE,TRUE,SocialistParty,,,
IRL,ULA,1978,United Left Alliance,NA,UnitedLeftAlliance,Ireland,2010,2013,2.7,2011,x,FALSE,TRUE,TRUE,FALSE,,"This is not a political party but a political alliance. According to wiki The United Left Alliance (Irish: Comhaontas Aontaithe an Chlé)[2] was an electoral alliance of left-wing political parties and independent politicians in the Republic of Ireland, formed to contest the 2011 general election. The grouping originally consisted of three existing political parties, the Socialist Party, the People Before Profit Alliance (PBPA), and the Workers and Unemployed Action Group (WUAG),[3] as well as former members of the Labour Party.[4]",,
ITA,Art.1,8361,Article One,NA,Articolo1Modempro,Italy,2017,9999,1.3,2018,,FALSE,TRUE,TRUE,TRUE,articoloUnoMDP,,,
ITA,CPI,8244,CasaPound Italy,NA,casapounditalia,Italy,2003,9999,1,2018,x,FALSE,TRUE,TRUE,TRUE,CasaPoundItalia,"I found a FB handle from the offical website but it's dead - I linked it here in case it comes back up or something? This handle is linked all over their website, which is active, so I'm not sure what's going on there...",,"I actually collected some of these data using the old API, same with the BNP in the UK, so I can try to recover this"
ITA,SC,2281,Civic Choice,NA,SceltaCivica,Italy,2013,9999,8.3,2013,x,FALSE,TRUE,TRUE,FALSE,,"According to wiki: Following the 2018 Italian general election, the party was disbanded on 24 July 2019.  The only Twitter handles I could find were for local parties, not a 'main' party one",,
ITA,MSFT,1101,Fiamma Tricolore,NA,FiammaTricolore.official,Italy,1999,9999,2.5,2008,,FALSE,TRUE,TRUE,TRUE,fiammatricolore,,,
ITA,RI,8248,Italian Radicals,NA,radicali,Italy,2001,9999,2.6,2006,,FALSE,TRUE,TRUE,TRUE,Radicali,,,
ITA,PRI,394,Italian Republican Party,NA,PartitoRepubblicanoItalianoOFFICIAL,Italy,1895,9999,6.2,1900,,FALSE,TRUE,TRUE,FALSE,,"The only Twitter handle I could find was for the Rome section, not the offical party page ",,
ITA,IdV,768,List Di Pietro -- Italy of Values,NA,idvitalia,Italy,2001,9999,4.5,2008,,FALSE,TRUE,TRUE,FALSE,,"The only Twitter handles I could find were for local parties, not a 'main' party one",,
ITA,PP,772,Pensioners' Party,NA,famigliapensionati,Italy,1987,9999,1.2,2004,,FALSE,TRUE,TRUE,TRUE,part_pensionati,,,
ITA,FiD,2279,Stop the Decline,NA,fermareildeclino,Italy,2013,2015,1.1,2013,x,FALSE,TRUE,TRUE,TRUE,FermareDeclino,"This party disbanded around 2014 - Their Twitter redirects you to Basta Parole! , so maybe that's the new party?",,
ITA,IPdL,365,The People of Freedom,NA,IlPopolodellaLiberta2018,Italy,2009,2013,37.2,2008,,FALSE,TRUE,TRUE,FALSE,,"The only Twitter handles I could find were for local parties, not a 'main' party one",,
ITA,IEI,7671,Together,NA,insieme2018,Italy,2017,2018,0.6,2018,x,FALSE,TRUE,TRUE,TRUE,insieme2018,According to Wiki this is a progressive coalitiomn of parties,,
ITA,UDC,1758,Union of Christian and Centre Democrats,NA,UdcIta,Italy,2002,9999,6.8,2006,,FALSE,TRUE,TRUE,TRUE,UdcIta,,,
LVA,NsL,3193,For Latvia from the Heart,NA,NoSirdsLatvijaiRiga,Latvia,2014,9999,6.8,2014,x,FALSE,TRUE,TRUE,FALSE,,This party disbanded in 2018. ,,
LVA,ZZS,701,Green and Farmers' Union,NA,ZalounZemniekuSavieniba,Latvia,2002,9999,20.1,2010,,FALSE,TRUE,TRUE,FALSE,,,,
LVA,LKS/RSL,5657,Latvian Russian Union,NA,rusojuz,Latvia,2007,9999,1.6,2014,x,FALSE,TRUE,TRUE,FALSE,,"According to Wiki, For Human Rights in United Latvia (Row 337) changed its name to the Latvian russion Union  in 2014",,
LVA,TP,1755,People's Party,NA,Tautaspartija,Latvia,1998,2011,21.2,1998,x,FALSE,TRUE,TRUE,FALSE,,This party disbanded in 2011,,
LVA,NA,7619,National Alliance,NA,NacionalaApvieniba,Latvia,NA,NA,NA,NA,x,FALSE,TRUE,TRUE,TRUE,VL_TBLNNK,"According to Wiki all for latvia (Row 332) , and  For Fatherland and Freedom Party (Row 336) merged in 2011 to form the National Alliance .  This party wasn't on this sheet initally but it is listed in Partyfacts, so I've added it here",,
AUT,,-99999999,,12065196,EuropaAnders,Austria,NA,NA,NA,NA,x,FALSE,TRUE,TRUE,TRUE,EuropaAnders,,"This appears to be a coalition between The KPÖ, the Pirate Party, Der Wandel (“The Change”) and non-partisan independents in Austria, which might be why it isn't on PartyFacts. Not sure we want to include this in the analysis?",
HRV,,-99999999,,12065175,mozemo.hr,Croatia,NA,NA,NA,NA,x,FALSE,TRUE,TRUE,TRUE,mozemoHR,,This is a green-left coalition for the EU parliament https://en.wikipedia.org/wiki/We_can!_(Croatia). Not sure if we want to use this. Not on PartyFacts,
HRV,,-99999999,,11959496,narodnakoalicija,Croatia,NA,NA,NA,NA,x,FALSE,TRUE,TRUE,FALSE,,,"Centre-left coalition https://en.wikipedia.org/wiki/Restart_Coalition. Similar as above -- not sure if we want to use this, as it's not on PartyFacts. ",
HRV,,-99999999,,12065179,novaljevica.hr,Croatia,NA,NA,NA,NA,x,FALSE,TRUE,TRUE,TRUE,NLjevica,,https://en.wikipedia.org/wiki/New_Left_(Croatia) not sure why this isn't on PartyFacts...,
HRV,,-99999999,,12065157,hrsuverenisti,Croatia,NA,NA,NA,NA,x,FALSE,TRUE,TRUE,TRUE,suverenisti,,"This seems to be a coalition, too https://hr.wikipedia.org/wiki/Hrvatski_suverenisti_(koalicija) ",
CZE,,-99999999,,2181005,narodnidemokracie,Czech Republic,NA,NA,NA,NA,x,FALSE,TRUE,TRUE,TRUE,NarDemokracie,,"This appears to be a legitimate, euro-sceptical party in the Czech Republic https://en.wikipedia.org/wiki/National_Democracy_(Czech_Republic), so I'm not sure why it's not on PartyFacts...",
FRA,,-99999999,,6150681,resistonsfrance,France,NA,NA,NA,NA,x,FALSE,TRUE,TRUE,TRUE,ResistonsFrance,,This just appears to be the slogan of a 2017 presidential candidate in france https://en.wikipedia.org/wiki/Jean_Lassalle. The page is basically his campaign page. ,
FRA,,-99999999,,1524072,solidariteetprogres,France,NA,NA,NA,NA,x,FALSE,TRUE,TRUE,TRUE,SetP_officiel,,"Not sure why this isn't on PartyFacts, appears to be a legitimate party: https://fr.wikipedia.org/wiki/Solidarit%C3%A9_et_progr%C3%A8s",
DEU,,-99999999,,8375449,FamilienParteiDeutschlands,Germany,NA,NA,NA,NA,x,FALSE,TRUE,TRUE,FALSE,,,"This is just a minor political party with elected officials in some areas, but seems legitimate and got almost .7% of the vote in the 2019 EU elections but have hardly received any votes in recent federal elections https://en.wikipedia.org/wiki/Family_Party_of_Germany",
GRC,,-99999999,,7714779,plefsieleftherias,Greece,NA,NA,NA,NA,x,FALSE,TRUE,TRUE,TRUE,pl_eleftherias,,Party founded in 2016: https://en.wikipedia.org/wiki/Course_of_Freedom. Not sure why it's not on PartyFacts,
GRC,,-99999999,,12065182,PiratePartyGR,Greece,NA,NA,NA,NA,x,FALSE,TRUE,TRUE,TRUE,PiratepartyGR,,Seems like a legitimate party https://en.wikipedia.org/wiki/Pirate_Party_of_Greece but haven't received >1% of the vote ever so maybe that's why PartyFacts doesn't have it.,
GRC,,-99999999,,7317493,metopo,Greece,NA,NA,NA,NA,x,FALSE,TRUE,TRUE,TRUE,epamhellas,,"A legitimate party, was part of the coalition of ""NO"" with the Democratic Revival https://en.wikipedia.org/wiki/United_Popular_Front ",
GRC,,-99999999,,7317456,koinwnia,Greece,NA,NA,NA,NA,x,FALSE,TRUE,TRUE,TRUE,koinwnia,,A legitimate party https://en.wikipedia.org/wiki/Society_%E2%80%93_Political_Party_of_the_Successors_of_Kapodistrias but maybe too small for PartyFacts to list it?,
GRC,,-99999999,,12065207,eek.trotskistes,Greece,NA,NA,NA,NA,x,FALSE,TRUE,TRUE,FALSE,,,Another small but legitimate party https://en.wikipedia.org/wiki/Workers_Revolutionary_Party_(Greece),
HUN,,-99999999,,12065176,AHazaPartja,Hungary,NA,NA,NA,NA,x,FALSE,TRUE,TRUE,FALSE,,,Another small but legitimate party https://en.wikipedia.org/wiki/Motherland_Party_(Hungary),
EST,TEE,429,Future’s Estonia Party,6329051,iseseisvuspartei,Estonia,NA,NA,NA,NA,x,TRUE,TRUE,TRUE,FALSE,,,"PartyFacts has the party's old name listed as its current one, but I believe these are the same https://en.wikipedia.org/wiki/Estonian_Independence_Party",
AUT,OVP,1329,Austrian People's Party,449876,Volkspartei,Austria,1945,9999,49.8,1945,,TRUE,TRUE,TRUE,TRUE,volkspartei,,,
AUT,FPO,463,Freedom Party of Austria,1182478,fpoe,Austria,1949,9999,26.9,1999,,TRUE,TRUE,TRUE,FALSE,,,"Their offical website links to @Schwarzer_Faden which doesn't seem to be an offical party twitter handle. Found this one @FPOE_TV thru searches, links to their YouTube page but does not appear to be 'official' ",
AUT,NEOS,1970,NEOS ‚Äì The New Austria,392511,NeosDasNeueOesterreich,Austria,2012,9999,5,2013,,TRUE,TRUE,TRUE,TRUE,neos_eu,,,
AUT,SPO,1384,Social Democratic Party of Austria,410804,Sozialdemokratie,Austria,1888,9999,51,1979,,TRUE,TRUE,TRUE,TRUE,SPOE_at,,,
AUT,GRUENE,1659,The Greens -- The Green Alternative,435967,diegruenenwien,Austria,1986,9999,12.4,2013,,TRUE,TRUE,TRUE,TRUE,gruenewien,,,
BEL,AGL-Gr,528,Agalev -- Green,306078,groen.be,Belgium,1979,9999,7,1999,,TRUE,TRUE,TRUE,TRUE,groen,,,
BEL,CD&V,604,Christian Democrats and Flemish,326605,cdenv,Belgium,2001,9999,13.2,2003,,TRUE,TRUE,TRUE,TRUE,cdenv,,,
BEL,VB,1968,Flemish Interest,326613,vlbelang,Belgium,2004,9999,12,2007,,TRUE,TRUE,TRUE,TRUE,vlbelang,,,
BEL,N-VA,36,New Flemish Alliance,334312,nieuwvlaamsealliantie,Belgium,2003,9999,20.3,2014,,TRUE,TRUE,TRUE,TRUE,de_NVA,,,
BEL,PVV-OVLD,49,Party of Liberty and Progress -- Open Flemish Liberals and Democrats,326610,openvld,Belgium,1971,9999,15.4,2003,,TRUE,TRUE,TRUE,TRUE,openvld,,,
BEL,Pp,639,People's Party,1525798,partipopulaireofficiel,Belgium,2010,9999,1.5,2014,,TRUE,TRUE,TRUE,TRUE,PartiPopulaire,Party very recently dissolved,,
BEL,MR,789,Reformist Movement,326611,MRbe,Belgium,2002,9999,12.5,2007,,TRUE,TRUE,TRUE,TRUE,MR_officiel,,,
BEL,PS,500,Socialist Party [Francophone],326609,psofficiel,Belgium,1978,9999,15.7,1987,,TRUE,TRUE,TRUE,TRUE,PSofficiel,,,
BEL,PVDA ‚Äì PTB,1753,Workers' Party of Belgium,350392,pvdabelgie,Belgium,1979,9999,8.6,2019,,TRUE,TRUE,TRUE,TRUE,pvdabelgie,,This appears to be the party's FB page in French: @ptbbelgique,
BGR,ABV,3187,Alternative for Bulgarian Revival,11959486,ABV.alternativa,Bulgaria,2014,9999,4.2,2014,,TRUE,TRUE,TRUE,TRUE,AbvOrg,,,
BGR,Attack,4798,Attack,1640892,ataka.pobeda,Bulgaria,2005,9999,4.5,2014,,TRUE,TRUE,TRUE,FALSE,,,,
BGR,BNG,2058,Bulgaria for Citizens Movement,12065202,GrajdaniNI,Bulgaria,2012,9999,3.3,2013,,TRUE,TRUE,TRUE,FALSE,,,,
BGR,BSP,757,Bulgarian Socialist Party,2038644,BulgarianSocialistParty,Bulgaria,1991,9999,47.2,1990,,TRUE,TRUE,TRUE,TRUE,BSP_Bulgaria,,,
BGR,BBZ,3188,Bulgaria without Censorship,12065168,bulgariabezcenzurabs,Bulgaria,2014,9999,5.7,2014,,TRUE,TRUE,TRUE,FALSE,,,,
BGR,GERB,760,Citizens for European Development of Bulgaria,7609520,PPGERB,Bulgaria,2007,9999,39.7,2009,,TRUE,TRUE,TRUE,TRUE,PPGERB,,,
BGR,DSB,1195,Democrats for a Strong Bulgaria,7052408,dsb.bg,Bulgaria,2004,9999,6.4,2005,,TRUE,TRUE,TRUE,FALSE,,,,
BGR,IMRO,2056,IMRO -- Bulgarian National Movement,5558494,www.vmro.bg,Bulgaria,1989,9999,1.9,2013,,TRUE,TRUE,TRUE,FALSE,,,,
BGR,DPS,982,Movement for Rights and Freedoms,12065201,dps15.plewen,Bulgaria,1990,9999,14.8,2014,,TRUE,TRUE,TRUE,FALSE,,,,
BGR,NFSB,2057,National Front for the Salvation of Bulgaria,5558410,dsb.bg,Bulgaria,2011,9999,7.3,2014,,TRUE,TRUE,TRUE,FALSE,,,,
BGR,NDSV,374,National Movement (Simeon II) for Stability and Progress,535093,ppndsv,Bulgaria,2001,9999,42.7,2001,,TRUE,TRUE,TRUE,FALSE,,,,
BGR,OP,6115,United Patriots,5563424,obedinenipatrioti,Bulgaria,2016,9999,9.1,2017,,TRUE,TRUE,TRUE,FALSE,,,,
HRV,Most,4865,Bridge of Independent Lists,6108286,MostNezavisnihLista,Croatia,2015,9999,12.8,2015,,TRUE,TRUE,TRUE,FALSE,,,,
HRV,HDZ,1431,Croatian Democratic Union,6108331,HDZ1989,Croatia,2000,9999,35.9,2007,,TRUE,TRUE,TRUE,TRUE,HDZ_HR,,,
HRV,HSP,253,Croatian Party of Rights,11542226,hrvatska.stranka.prava.hr,Croatia,1990,9999,6.5,2003,,TRUE,TRUE,TRUE,FALSE,,,,
HRV,HNS,799,Croatian People's Party ‚Äì Liberal Democrats,449330,hns.hr,Croatia,1990,9999,8.3,2003,,TRUE,TRUE,TRUE,FALSE,,,,
HRV,ZiZi,4867,Human Shield,848784,zivizidd,Croatia,2011,9999,4,2015,,TRUE,TRUE,TRUE,FALSE,,,,
HRV,NHR,7422,Independents for Croatia,6108288,NHRvatsku,Croatia,2017,9999,4.4,2019,,TRUE,TRUE,TRUE,FALSE,,,,
HRV,P,7336,Intelligently,11908257,pametno.org,Croatia,2015,9999,1.4,2019,,TRUE,TRUE,TRUE,FALSE,,,,
HRV,MB,5452,Milan Bandic 365 -- The Party of Labour and Solidarity,8375460,strankaradaisolidarnosti,Croatia,2015,9999,3.8,2016,,TRUE,TRUE,TRUE,FALSE,,,,
HRV,SDP,1475,Social Democratic Party of Croatia,406134,sdphrvatske,Croatia,1990,9999,41.1,2011,,TRUE,TRUE,TRUE,TRUE,SDPHrvatske,,,
CZE,ANO,2141,Action of Dissatisfied Citizens,395251,anobudelip,Czech Republic,2011,9999,18.6,2013,,TRUE,TRUE,TRUE,FALSE,,,,
CZE,KDU/CSL,676,Christian Democratic Union / People's Party,1432111,kducsl,Czech Republic,1992,9999,14.3,2002,,TRUE,TRUE,TRUE,TRUE,kducsl,,,
CZE,ODS,466,Civic Democratic Party,398263,ods.cz,Czech Republic,1991,9999,35.4,2006,,TRUE,TRUE,TRUE,TRUE,ODScz,,,
CZE,KSCM,1728,Communist Party of Bohemia and Moravia,2181001,komunistickastranacechamoravy,Czech Republic,1990,9999,18.5,2002,,TRUE,TRUE,TRUE,FALSE,,,,
CZE,Pi,2047,Czech Pirate Party,905471,ceska.piratska.strana,Czech Republic,2009,9999,2.7,2013,,TRUE,TRUE,TRUE,TRUE,PiratskaStrana,,,
CZE,UPD,2049,Dawn of Direct Democracy,12065184,HnutiUsvit,Czech Republic,2011,9999,6.9,2013,,TRUE,TRUE,TRUE,FALSE,,,,
CZE,SPD,6125,Freedom and Direct Democracy,5558250,hnutispd,Czech Republic,2015,9999,10.6,2017,,TRUE,TRUE,TRUE,FALSE,,"FB, Insta, and YouTube on offical website are for Tomie Okamura, party leader, not official pages",,
CZE,SZ,1554,Green Party,3215963,stranazelenych,Czech Republic,1989,9999,6.3,2006,,TRUE,TRUE,TRUE,TRUE,zeleni_cz,,,
CZE,SN-VA,1707,Mayors and Independents -- Your Option,3215946,starostove,Czech Republic,2009,9999,5.2,2017,,TRUE,TRUE,TRUE,TRUE,STANcz,,,
CZE,SPOZ / SPO,1272,Party of Civic Rights ‚Äì Zeman's people / Party of Civic Rights,9966391,stranaprav,Czech Republic,2009,9999,4.3,2010,,TRUE,TRUE,TRUE,FALSE,,,,
CZE,SSO,254,Party of Free Citizens,400999,svobodni,Czech Republic,2009,9999,2.5,2013,,TRUE,TRUE,TRUE,TRUE,svobodni,,,
CZE,VV,1202,Public Affairs,11959502,veciverejne,Czech Republic,2001,2015,10.9,2010,,TRUE,TRUE,TRUE,TRUE,veciverejne,,,
CZE,TOP09,223,Tradition Responsibility Prosperity 09,414108,top09cz,Czech Republic,2010,9999,16.7,2010,,TRUE,TRUE,TRUE,TRUE,TOP09cz,,,
DNK,KrF/KD,53,Christian People's Party / Christian Democrats,2600735,kristendemokraterneDK,Denmark,1970,9999,5.3,1975,,TRUE,TRUE,TRUE,TRUE,KDDanmark,,,
DNK,KF,536,Conservative People's Party,423022,Konservative,Denmark,1915,9999,23.7,1901,,TRUE,TRUE,TRUE,TRUE,konservativedk,,,
DNK,DF,1022,Danish Peoples Party,387712,danskfolkeparti,Denmark,1995,9999,20.6,2015,,TRUE,TRUE,TRUE,TRUE,DanskDf1995,,,
DNK,RV,1507,Danish Social-Liberal Party / Radical Liberal Party,409773,radikalevenstre,Denmark,1905,9999,20.7,1918,,TRUE,TRUE,TRUE,TRUE,radikale,,,
DNK,V,1204,Liberal Party,390574,venstre.dk,Denmark,1870,9999,49.4,1903,,TRUE,TRUE,TRUE,TRUE,venstredk,,,
DNK,Fobe,333,People's Movement against the EU,6329004,FolkebevaegelsenModEU,Denmark,1979,9999,20.9,1979,,TRUE,TRUE,TRUE,TRUE,Folkebevagelsen,,,
DNK,SD,379,Social Democrats,411089,socialdemokratiet,Denmark,1871,9999,46.1,1935,,TRUE,TRUE,TRUE,TRUE,Spolitik,,,
DNK,SF,329,Socialist Peoples Party,676324,sfparti,Denmark,1959,9999,14.6,1987,,TRUE,TRUE,TRUE,TRUE,SFpolitik,,,
DNK,A,4070,The Alternative,676322,alternativet.dk,Denmark,2015,9999,4.7,2015,,TRUE,TRUE,TRUE,TRUE,alternativet_,,,
DNK,NB,7339,The New Right,2596952,nyeborgerlige,Denmark,2015,9999,2.4,2019,,TRUE,TRUE,TRUE,FALSE,,,,
EST,EKRE,4094,Conservative People‚Äôs Party,3055399,rahvuspartei,Estonia,2012,9999,8.1,NA,,TRUE,TRUE,TRUE,TRUE,rahvaerakond,,,
EST,E200,7340,Estonia 200,4497308,Eesti200erakond,Estonia,2018,9999,4.4,2019,,TRUE,TRUE,TRUE,FALSE,,,,
EST,EK,533,Estonian Centre Party,457439,eestikeskerakond,Estonia,1995,9999,26.1,2007,,TRUE,TRUE,TRUE,TRUE,keskerakondlane,,,
EST,EER,1040,Estonian Greens,4497321,rohelised,Estonia,2006,9999,7.1,2007,,TRUE,TRUE,TRUE,TRUE,estoniangreens,,,
EST,ELE,7341,Richness of Life,4497329,elurikkuseerakond,Estonia,2018,9999,1.2,2019,,TRUE,TRUE,TRUE,FALSE,,,,
EST,SDE-M,1150,Social Democratic Party -- Moderates,460610,sotsdem,Estonia,1992,9999,17.1,2011,,TRUE,TRUE,TRUE,TRUE,sotsdem,,,
EST,IRL,685,Union of Pro Patria and Res Publica,7518118,isamaaerakond,Estonia,2006,9999,20.5,2011,,TRUE,TRUE,TRUE,TRUE,Erakond,,,
FIN,KESK,901,Agrarian Union / Centre Party,425886,SuomenKeskusta,Finland,1927,9999,27.3,1930,,TRUE,TRUE,TRUE,TRUE,keskusta,,,
FIN,KD,703,Christian Democrats / League,639762,kristillisdemokraatit,Finland,1958,9999,5.3,2003,,TRUE,TRUE,TRUE,TRUE,KDpuolue,,,
FIN,SP/P,1689,Finns Party / True Finns,639776,perussuomalaiset,Finland,1995,9999,19.1,2011,,TRUE,TRUE,TRUE,TRUE,persut,,,
FIN,VIHR,479,Green League,639543,vihreat,Finland,1983,9999,8.5,2015,,TRUE,TRUE,TRUE,TRUE,vihreat,,,
FIN,SDP,1303,Social Democratic Party of Finland,639580,sosialidemokraatit,Finland,1899,9999,44.8,1917,,TRUE,TRUE,TRUE,TRUE,Demarit,,,
FIN,RKP/SFP,1229,Swedish People's Party of Finland,360487,sfprkp,Finland,1927,9999,12.4,1922,,TRUE,TRUE,TRUE,TRUE,sfprkp,,,
FRA,EELV,5650,Europe Ecology - The Greens,640524,eelv.fr,France,2010,9999,5.5,2012,,TRUE,TRUE,TRUE,TRUE,EELV,,,
FRA,DLF,3207,France Arise,1991663,dlf.officiel,France,2008,9999,1.2,2017,,TRUE,TRUE,TRUE,TRUE,DLF_Officiel,,,
FRA,PCF,1251,French Communist Party,519716,Particommuniste,France,1920,9999,28.6,1946,,TRUE,TRUE,TRUE,TRUE,PCF,,,
FRA,CNIP,1629,National Centre of Independents and Peasants,12065161,CNIPGrandEst,France,1949,9999,20,1958,,TRUE,TRUE,TRUE,TRUE,CNIP_FR,,,
FRA,FN / RN,433,National Front / National Rally,390433,RassemblementNational,France,1972,9999,14.9,1997,,TRUE,TRUE,TRUE,TRUE,RNational_off,,,
FRA,NPA,6684,New Anticapitalist Party,640530,npa2009,France,2009,9999,4.9,2009,,TRUE,TRUE,TRUE,TRUE,NPA_officiel,,,
FRA,UPR,7344,Popular Republican Union,894946,upr.francoisasselineau,France,2007,9999,1.2,2019,,TRUE,TRUE,TRUE,TRUE,UPR_Officiel,,,
FRA,PRG,1783,Radical Party of the Left,8616271,PartiRadicalGauche,France,1973,2017,2.2,1978,,TRUE,TRUE,TRUE,TRUE,PartiRadicalG,,,
FRA,PS,1478,Socialist Party,326608,partisocialiste,France,1969,9999,36,1981,,TRUE,TRUE,TRUE,TRUE,SocialistParty,,,
FRA,LR,8168,The Republicans,374898,les.Republicains.FR,France,2015,9999,22.2,2017,,TRUE,TRUE,TRUE,TRUE,lesRepublicains,,,
FRA,LaREM,5857,The Republic Onwards!,951153,EnMarche,France,2016,9999,28.2,2017,,TRUE,TRUE,TRUE,TRUE,enmarchefr,,,
FRA,FI,5858,Unbowed France,1904453,lafranceinsoumise,France,2017,9999,11,2017,,TRUE,TRUE,TRUE,TRUE,FranceInsoumise,,,
FRA,UDI,3229,Union of Democrats and Independents,421815,udi,France,2012,9999,3,2017,,TRUE,TRUE,TRUE,TRUE,UDI_off,,,
FRA,LO,617,Workers' Struggle,640529,LutteOuvriere1,France,1939,9999,1.7,1978,,TRUE,TRUE,TRUE,TRUE,LutteOuvriere,,,
DEU,B90/Gr,1816,Alliance 90 / Greens,339052,B90DieGruenen,Germany,1993,9999,10.7,2009,,TRUE,TRUE,TRUE,TRUE,Die_Gruenen,,,
DEU,AfD,1976,Alternative for Germany,339088,alternativefuerde,Germany,2013,9999,12.6,2017,,TRUE,TRUE,TRUE,TRUE,AfD,,,
DEU,Tier,749,Animal Welfare Party,1559814,Tierschutzpartei,Germany,1993,9999,1.3,2004,,TRUE,TRUE,TRUE,TRUE,Tierschutzparte,,,
DEU,CSU,1731,Christian Social Union,339070,CSU,Germany,1949,9999,10.6,1976,,TRUE,TRUE,TRUE,TRUE,CSU,,,
DEU,FDP,573,Free Democratic Party,6762083,FDP,Germany,1948,9999,14.6,2009,,TRUE,TRUE,TRUE,TRUE,fdp,,,
DEU,FW,1090,Free Voters,1559750,freie.waehler.bundesvereinigung,Germany,2009,9999,1.7,2009,,TRUE,TRUE,TRUE,TRUE,FREIEWAEHLER_BV,,,
DEU,Pirat,1287,German Pirate Party,339089,Piratenpartei,Germany,2009,9999,2.2,2013,,TRUE,TRUE,TRUE,TRUE,Piratenpartei,,,
DEU,SPD,383,Social Democratic Party of Germany,339048,SPD,Germany,1875,9999,45.8,1972,x,TRUE,TRUE,TRUE,FALSE,,,,
DEU,Linke,1545,The Left,339050,linkspartei,Germany,2007,9999,5.1,1998,,TRUE,TRUE,TRUE,TRUE,dieLinke,,,
DEU,PARTEI,6126,THE PARTY,519717,DiePARTEI,Germany,2004,9999,1,2017,,TRUE,TRUE,TRUE,TRUE,DiePARTEI,,,
DEU,Rep,720,The Republicans,12045799,Republikaner.SBK,Germany,1983,9999,2.1,1990,,TRUE,TRUE,TRUE,FALSE,,,,
GRC,SYRIZA,301,Coalition of the Radical Left,925326,syrizaofficial,Greece,2004,9999,36.3,2015,,TRUE,TRUE,TRUE,TRUE,syriza_gr,,,
GRC,DIMAR,1160,Democratic Left,11959521,dimokratikiaristera,Greece,2010,9999,6.3,2012,,TRUE,TRUE,TRUE,TRUE,dimokratiki,,,
GRC,OP,378,Ecologist Greens,7049854,Oikologoi.Prasinoi,Greece,2007,9999,2.9,2012,,TRUE,TRUE,TRUE,TRUE,Ecogreens,,,
GRC,EL,7347,Greek Solution,8375446,ellinikilisi,Greece,2016,9999,3.7,2019,,TRUE,TRUE,TRUE,TRUE,ellinikilisi,,,
GRC,ANEL,1651,Independent Greeks,1439616,OfficialAnexartitoiEllines,Greece,2012,9999,10.6,2012,,TRUE,TRUE,TRUE,TRUE,anexartitoi,,,
GRC,KINAL,7909,Movement for Change,7658259,kinimallagis,Greece,2017,9999,8.1,2019,,TRUE,TRUE,TRUE,TRUE,kinimallagis,,,
GRC,ND,794,New Democracy,385960,neadhmokratia,Greece,1974,9999,54.4,1974,,TRUE,TRUE,TRUE,TRUE,neademokratia,,,
GRC,LAOS,965,Popular Orthodox Rally,11959524,organotikoLaos,Greece,2004,9999,5.6,2009,,TRUE,TRUE,TRUE,FALSE,,,,
GRC,LE,4512,Popular Unity,11959523,LaikiEnotitaOfficial,Greece,2015,9999,2.9,2015,,TRUE,TRUE,TRUE,FALSE,,,,
GRC,DX,471,Recreate Greece,12065213,dimiourgiaxana,Greece,2012,9999,2.1,2012,,TRUE,TRUE,TRUE,TRUE,DimiourgiaXana,,,
GRC,TP,3118,The River,398458,topotami,Greece,2014,9999,6,2015,,TRUE,TRUE,TRUE,TRUE,ToPotami,,,
GRC,EK,2510,Union of Centrists,1446549,enosikentroon.vasilisleventis,Greece,1992,9999,1.8,2015,,TRUE,TRUE,TRUE,TRUE,antidiaploki,,,
HUN,DK,469,Democratic Coalition,408746,dk365,Hungary,2011,9999,2.8,2014,,TRUE,TRUE,TRUE,TRUE,dkoalicio,,,
HUN,MM,859,Hungarian Communist Workers' Party,2856705,m.munkaspart,Hungary,1989,9999,4,1998,,TRUE,TRUE,TRUE,TRUE,Munkaspart,,,
HUN,MSZP,1408,Hungarian Socialist Party,388504,mszpfb,Hungary,1989,9999,43.2,2006,,TRUE,TRUE,TRUE,TRUE,mszptweet,,,
HUN,MKKP,6129,Hungarian Two-tailed Dog Party,924382,justanotherwordpresspage,Hungary,2018,2018,3.1,2018,,TRUE,TRUE,TRUE,TRUE,ketfarkukutya,,,
HUN,Jobbik,42,Movement for a Better Hungary,887474,JobbikMagyarorszagertMozgalom,Hungary,2003,9999,20.2,2014,,TRUE,TRUE,TRUE,TRUE,JobbikMM,,,
HUN,MHM,7349,Our Homeland Movement,6105716,mihazank,Hungary,2018,9999,3.3,2019,,TRUE,TRUE,TRUE,TRUE,MiHazank,,,
HUN,√ñ,8265,Unity,8346372,osszefogas.spolupatricnost,Hungary,2014,2014,25.6,2014,,TRUE,TRUE,TRUE,FALSE,,,,
IRL,DDI,3209,Direct Democracy Ireland,342782,directdemocracyireland,Ireland,2010,9999,1.4,2014,,TRUE,TRUE,TRUE,TRUE,ddi,,,
IRL,FF,1055,Fianna Fail ‚Äì The Republican Party,428421,fiannafail,Ireland,1926,9999,51.9,1938,,TRUE,TRUE,TRUE,TRUE,fiannafailparty,,,
IRL,FG,1288,Fine Gael (Familiy of the Irish),423894,FineGael,Ireland,1944,9999,39.2,1982,,TRUE,TRUE,TRUE,TRUE,FineGael,,,
IRL,Greens,1775,Green Party,675436,GreenPartyIreland,Ireland,1989,9999,4.7,2007,,TRUE,TRUE,TRUE,TRUE,greenparty_ie,,,
IRL,Lab,562,Labour Party,553866,thelabourparty,Ireland,1912,9999,21.3,1922,,TRUE,TRUE,TRUE,TRUE,labour,,,
IRL,PBPA,242,People Before Profit Alliance,3252882,peopleb4profit,Ireland,2005,9999,1,2011,,TRUE,TRUE,TRUE,TRUE,pb4p,,,
IRL,RI,4869,Renua Ireland,3193280,renuairl,Ireland,2016,2016,2.2,2016,,TRUE,TRUE,TRUE,TRUE,RENUAIreland,,,
IRL,DS,4870,Social Democrats,2300730,socialdemocratsireland,Ireland,2015,9999,3,2016,,TRUE,TRUE,TRUE,TRUE,SocDems,,,
IRL,WP,208,Workers Party,3193301,workerspartyireland,Ireland,1970,9999,5,1989,,TRUE,TRUE,TRUE,TRUE,workersparty,,,
ITA,FdI,2280,Brothers of Italy,385815,FdI.paginaufficiale,Italy,2013,9999,2,2012,,TRUE,TRUE,TRUE,TRUE,FratellidItalia,,,
ITA,PD,802,Democratic Party,391247,partitodemocratico,Italy,2007,9999,34,2008,,TRUE,TRUE,TRUE,TRUE,pdnetwork,,,
ITA,FI,8058,Forward Italy (2013),386665,ForzaItaliaUfficiale,Italy,2013,9999,14,2018,,TRUE,TRUE,TRUE,TRUE,forza_italia,,,
ITA,LeU,8246,Free and Equal,2656819,liberieuguali2018,Italy,2017,9999,3.4,2018,,TRUE,TRUE,TRUE,TRUE,liberi_uguali,,,
ITA,SI,1212,Italian Left,7319858,lasinistraguengl,Italy,2009,9999,3.2,2013,,TRUE,TRUE,TRUE,TRUE,SinistraUe,,,
ITA,IBC,8057,Italy. Common Good,7319828,italiaincomune,Italy,2012,2013,29.5,2013,,TRUE,TRUE,TRUE,TRUE,ItaliainComune,,,
ITA,#NAME?,6155,More Europe,2738621,piueuropa,Italy,2017,9999,2.8,2018,,TRUE,TRUE,TRUE,TRUE,Piu_Europa,,,
ITA,NCD,2052,New Centre-Right,12065163,emanuele.esposito.3939503,Italy,2013,2017,4.4,2014,,TRUE,TRUE,TRUE,FALSE,,,,
ITA,LN,1221,North League,369755,legasalvinipremier,Italy,1989,9999,10.1,1996,,TRUE,TRUE,TRUE,TRUE,LegaSalvini,,,
ITA,SVP,1369,South Tyrol Peoples Party,2471112,suedtiroler.volkspartei,Italy,1948,9999,0.6,1994,,TRUE,TRUE,TRUE,TRUE,SVP_Suedtirol,,,
ITA,TSIPRAS,6685,The Other Europe with Tsipras,888313,AltraEuropaConTsipras,Italy,2014,9999,4,2014,,TRUE,TRUE,TRUE,TRUE,altraeuropa,,,
ITA,NcI,6158,Us with Italy,2868177,NoiconlitaliaOfficial,Italy,2017,2018,1.3,2018,,TRUE,TRUE,TRUE,TRUE,noiconitalia,,,
LVA,AP!,8393,Development/For!,7067956,Attistibai.Par,Latvia,2018,9999,12,2018,,TRUE,TRUE,TRUE,TRUE,AttistibaiPar,,,
LVA,LRa,3194,Latvian Association of Regions,2831387,latvijasregionuapvieniba,Latvia,2014,9999,6.7,2014,,TRUE,TRUE,TRUE,TRUE,LRApvieniba,,,
LVA,LAAT,3213,Latvian Development,474577,Attistibai,Latvia,2013,9999,12.1,2018,,TRUE,TRUE,TRUE,TRUE,attistibai,,,
LVA,LSDSP,741,Latvian Social Democratic Workers' Party,2831520,lsdsp,Latvia,1918,9999,12.8,1998,,TRUE,TRUE,TRUE,TRUE,lsdsp,,,
LVA,JKP,6355,New Conservative Party,2831528,konservativie,Latvia,2014,9999,13.7,2018,,TRUE,TRUE,TRUE,TRUE,konservativie,,,
LVA,SDPS,5976,"Social Democratic Party ""Harmony""",2831345,sdpsLV,Latvia,2009,9999,23,2014,,TRUE,TRUE,TRUE,FALSE,,,,
LVA,P,6357,The Progressive,2831681,PROGRESIVIE,Latvia,2017,9999,2.6,2018,,TRUE,TRUE,TRUE,TRUE,Progresivie,,,
LVA,V,852,Unity,2831358,JaunaVienotiba.lv,Latvia,2010,9999,31.9,2010,,TRUE,TRUE,TRUE,TRUE,Jauna_Vienotiba,,,
LVA,KPVLV,6356,Who owns the state?,2831607,KamPiederValsts,Latvia,2016,9999,14.3,2018,,TRUE,TRUE,TRUE,TRUE,KamPiederValsts,,,
LTU,LLRA,556,Election Action of Lithuania's Poles,12065174,trakulenkai,Lithuania,1992,9999,5.8,2012,,TRUE,TRUE,TRUE,FALSE,,,,
LTU,TS-LKD,193,Homeland Union / Homeland Union ‚Äì Lithuanian Christian Democrats,6503717,tslkd,Lithuania,1993,9999,31.3,1996,,TRUE,TRUE,TRUE,TRUE,tslkd,,,
LTU,DP,102,Labour Party,426081,darbopartija,Lithuania,2003,9999,28.4,2004,,TRUE,TRUE,TRUE,TRUE,darbopartija,,,
LTU,LCP,5455,Lithuanian Centre Party,8309858,centristai,Lithuania,2003,9999,6.3,2016,,TRUE,TRUE,TRUE,FALSE,,,,
LTU,LV≈ΩS / LVLS,1490,Lithuanian Farmers and Greens Union / Lithuanian Peasant Popular Union,7530926,gandrai,Lithuania,2001,9999,22.5,2016,,TRUE,TRUE,TRUE,FALSE,,,,
LTU,LZP,1407,Lithuanian Green Party,7050021,Lietuvoszaliujupartija,Lithuania,2011,9999,2,2016,,TRUE,TRUE,TRUE,FALSE,,,,
LTU,LTS,377,Lithuanian National Union,1.08E+14,tautininkai ,Lithuania,1924,9999,2,1992,,TRUE,TRUE,TRUE,,,,,
LTU,LSDP,64,Lithuanian Social Democratic Party,7530821,socdemai,Lithuania,1896,9999,20.6,2004,,TRUE,TRUE,TRUE,FALSE,,,,
LTU,TT-LDP,237,Order and Justice ‚Äì Liberal Democratic Party,6314407,tvarka.lt,Lithuania,2002,9999,12.7,2008,,TRUE,TRUE,TRUE,FALSE,,,,
LUX,ADR,1114,Alternative Democratic Reform Party,519718,AlternativDemokrateschReformpartei,Luxembourg,1987,9999,10.4,1999,,TRUE,TRUE,TRUE,TRUE,adr_lu,,,
LUX,LSAP,186,Luxembourg Socialist Workers' Party,2824879,lsap.lu,Luxembourg,1902,9999,41.5,1948,,TRUE,TRUE,TRUE,TRUE,lsap_lu,,,
LUX,Pi,2065,Pirate Party Luxembourg,2824896,Piratepartei,Luxembourg,2009,9999,2.9,2013,,TRUE,TRUE,TRUE,TRUE,Piratepartei,,,
LUX,Greng/GAP,1138,The Greens,2824880,deigreng,Luxembourg,1979,9999,11.7,2009,,TRUE,TRUE,TRUE,TRUE,deigreng,,,
LUX,DL,271,The Left,2824883,lenk.lu,Luxembourg,1999,9999,4.9,2013,,TRUE,TRUE,TRUE,TRUE,dei_lenk,,,
MLT,AD,62,Democratic Alternative,3196730,alternattiva,Malta,1992,9999,1.8,2013,x,TRUE,TRUE,TRUE,TRUE,adpd_mt,,This party merged with the Democratic party (below) in Oct 2020. The two party's new twitter is now listed here (old twitter deleted). The demokratic party's old twitter is still there. Both FB pages have been deleted and the new one is now @adpdmt,
MLT,PD,7354,Democratic Party,2.48E+14,PartitDemokratiku ,Malta,2016,9999,2,2019,,TRUE,TRUE,TRUE,TRUE,Demokratiku,,,
MLT,MLP,808,Malta Labour Party,1041925,partitlaburista,Malta,1945,9999,59.9,1947,,TRUE,TRUE,TRUE,TRUE,PL_Malta,,,
MLT,PN,699,Nationalist Party,499156,partitnazzjonalista,Malta,1926,9999,51.8,1998,,TRUE,TRUE,TRUE,TRUE,PNmalta,,,
NLD,CU,1459,ChristianUnion,1552681,ChristenUnie,Netherlands,2000,9999,4,2006,,TRUE,TRUE,TRUE,TRUE,christenunie,,,
NLD,FvD,5855,Forum for Democracy,1629327,forumvoordemocratie,Netherlands,2017,9999,1.8,2017,,TRUE,TRUE,TRUE,TRUE,fvdemocratie,,,
NLD,GL,1537,GreenLeft,672212,groenlinks,Netherlands,1989,9999,7.3,1998,,TRUE,TRUE,TRUE,TRUE,groenlinks,,,
NLD,PvdA,1234,Labour,688950,PartijvandeArbeid,Netherlands,1946,9999,33.8,1977,,TRUE,TRUE,TRUE,TRUE,PvdA,,,
NLD,PvdD,1467,Party for the Animals,891796,PartijvoordeDieren,Netherlands,2002,9999,1.9,2012,,TRUE,TRUE,TRUE,TRUE,PartijvdDieren,,,
NLD,SGP,1178,Reformed Political Party,12065160,sgpscherpenzeel,Netherlands,1918,9999,2.5,1933,,TRUE,TRUE,TRUE,TRUE,SGPScherpenzeel,,,
NLD,DENK,5856,Think,1553926,DenkNL,Netherlands,2017,9999,2.1,2017,,TRUE,TRUE,TRUE,TRUE,DenkNL,,,
NIR,APNI,3257,Alliance Party of Northern Ireland,348423,alliancepartyni,Northern Ireland,1970,9999,9.8,1975,,TRUE,TRUE,TRUE,TRUE,allianceparty,,,
NIR,DUP,667,Democratic Unionist Party,1.06E+14,democraticunionistparty,Northern Ireland,1971,9999,36,2017,,TRUE,TRUE,TRUE,,duponline,,This is also same as the party listed for UK. ,
NIR,NIC,694,Northern Ireland Conservatives,2.21E+14,niconservatives,Northern Ireland,1989,9999,4.8,1989,,TRUE,TRUE,TRUE,TRUE,NIConservative,,,
NIR,PUP,642,Progressive Unionist Party,5.6E+14,ProgressiveUnionistPartyNi ,Northern Ireland,1979,9999,2.6,1998,,TRUE,TRUE,TRUE,TRUE,officialPUP,,,
NIR,SF,1257,Sinn Fein,406525,sinnfein,Ireland,1970,9999,27.9,2017,,TRUE,TRUE,TRUE,,sinnfeinireland,,This is the same party as row 502 (Partyfacts ID: 963). Partyfacts just has the party listed both for UK and for Northern Ireland.,
NIR,SDLP,266,Social Democratic and Labour Party,1.12E+14,SocialDemocraticLabourParty,Northern Ireland,1970,9999,23.7,1975,,TRUE,TRUE,TRUE,,SDLPlive,,This is the same party as row 503 (PartyFacts ID: 762). Party facts just lists the party both for Northern Ireland and for the UK.,
NIR,UUP,1763,Ulster Unionist Party,107467,ulsterunionistparty,UK,1905,9999,77.2,1959,X,TRUE,TRUE,TRUE,TRUE,uuponline,,This is the same party as row 504 (partyfacts ID: 1366). Partyfacts just has it listed both for UK and for Northern Ireland under different IDs. ,
NOR,Sp/Bp,1072,Centre [Agrarian] Party,1823359,senterpartiet,Norway,1920,9999,16.7,1993,,TRUE,TRUE,TRUE,TRUE,Senterpartiet,,,
NOR,KrF,705,Christian Democratic Party,1823353,kristeligfolkeparti,Norway,1933,9999,13.7,1997,,TRUE,TRUE,TRUE,TRUE,KrFNorge,,,
NOR,H,503,Conservative Party,679737,hoyre,Norway,1884,9999,31.7,1981,,TRUE,TRUE,TRUE,TRUE,Hoyre,,,
NOR,MDG,1963,Green Party,358461,miljopartietdegronne,Norway,1988,9999,2.8,2013,,TRUE,TRUE,TRUE,TRUE,Partiet,,,
NOR,DNA,448,Norwegian Labour Party,875504,Arbeiderpartiet,Norway,1887,9999,48.3,1957,,TRUE,TRUE,TRUE,TRUE,Arbeiderpartiet,,,
NOR,FrP,101,Progress Party,859497,fremskrittspartiet,Norway,1973,9999,22.9,2009,,TRUE,TRUE,TRUE,TRUE,frp_no,,,
NOR,DT,3698,Red Party,1823474,Roedt,Norway,2007,9999,1.4,2009,,TRUE,TRUE,TRUE,TRUE,Raudt,,,
NOR,SV,719,Socialist Left Party,1823378,SVparti,Norway,1975,9999,12.5,2001,,TRUE,TRUE,TRUE,TRUE,SVparti,,,
POL,PO,1117,Civic Platform,392144,PlatformaObywatelska,Poland,2001,9999,41.5,2007,,TRUE,TRUE,TRUE,TRUE,Platforma_org,,,
POL,K,4631,Kukiz'15,869218,KUKIZ15,Poland,2015,9999,8.8,2015,,TRUE,TRUE,TRUE,TRUE,KUKIZ15,,,
POL,UP,1104,Labour Union,6960073,uniapracy.org,Poland,1993,9999,7.3,1993,,TRUE,TRUE,TRUE,FALSE,,,Can't find anything that looks like an official party handle.,
POL,PiS,1565,Law and Justice,390901,pisorgpl,Poland,2001,9999,32.1,2007,,TRUE,TRUE,TRUE,TRUE,pisorgpl,,,
POL,N,4630,Modern,410426,Nowoczesna.oficjalnie,Poland,2015,9999,7.6,2015,,TRUE,TRUE,TRUE,TRUE,Nowoczesna,,,
POL,RN,3224,National Movement,4719050,RuchNarodowy,Poland,2012,9999,1.4,2014,,TRUE,TRUE,TRUE,TRUE,RuchNarodowy,,,
POL,RP / TR,731,Palikot's Movement / Your Movement,874971,TwojRuchpl,Poland,2011,9999,10,2011,,TRUE,TRUE,TRUE,TRUE,TwojRuch_,,,
POL,PSL,602,Polish People's (Peasants') Party,427544,nowePSL,Poland,1991,9999,15.4,1993,,TRUE,TRUE,TRUE,TRUE,nowePSL,,,
POL,Spr,7356,Spring,6378306,wiosnabiedronia,Poland,2019,9999,6.1,2019,,TRUE,TRUE,TRUE,TRUE,wiosnabiedronia,,,
POL,SP,328,United Poland,2840605,solidarnapl,Poland,2012,9999,4,2014,,TRUE,TRUE,TRUE,TRUE,SolidarnaPL,,,
PRT,A,7357,Alliance,7335395,partidoalianca,Portugal,2018,9999,2,2019,,TRUE,TRUE,TRUE,TRUE,Partido_Alianca,,,
PRT,PEV,886,Ecology Party -- Greens,3390251,PartidoEcologistaOsVerdes,Portugal,1982,9999,1.2,2002,,TRUE,TRUE,TRUE,TRUE,OsVerdes,,,
PRT,BE,1310,Left Bloc,3733779,esquerda.net,Portugal,1999,9999,10.1,2009,,TRUE,TRUE,TRUE,TRUE,EsquerdaNet,,,
PRT,L,3225,Livre,8103269,LIVREoficialpt,Portugal,2014,9999,2.4,2014,,TRUE,TRUE,TRUE,TRUE,LIVREpt,,,
PRT,PAN,97,Party for Animals and Nature,869952,PANpartido,Portugal,2009,9999,1.1,2011,,TRUE,TRUE,TRUE,TRUE,Partido_PAN,,,
PRT,PPD/PSD,1359,Popular Democratic Party / Social Democratic Party,381428,ppdpsd,Portugal,1975,9999,51.6,1991,,TRUE,TRUE,TRUE,TRUE,ppdpsd,,,
PRT,PCP,310,Portuguese Communist Party,3390250,pcp.pt,Portugal,1975,9999,15.1,1976,,TRUE,TRUE,TRUE,TRUE,pcp_pt,,,
PRT,PS,655,Socialist Party,3390247,SedeNacionalPartidoSocialista,Portugal,1975,9999,46.4,2005,,TRUE,TRUE,TRUE,TRUE,psocialista,,,
PRT,CDU,284,Unitary Democratic Coalition,7335441,CDUPCPPEV,Portugal,1987,9999,12.4,1987,,TRUE,TRUE,TRUE,TRUE,CDUPCPPEV,,,
ROU,ALDE,5662,Alliance of Liberals and Democrats,2630089,ALDERomania,Romania,2015,9999,5.6,2016,,TRUE,TRUE,TRUE,TRUE,alde_romania,,,
ROU,PNT-CD,1750,Christian-Democratic National Peasants' Party,12045697,PNTCD.National,Romania,1990,9999,2.6,1990,,TRUE,TRUE,TRUE,FALSE,,,Can't find anything that looks like an official party handle.,
ROU,PC/PUR,1443,Conservative Party / Romanian Humanist Party,12065215,PartidulConservator,Romania,1991,2015,5.3,2004,x,TRUE,TRUE,TRUE,FALSE,,,Can't find anything that looks like an official party handle.,
ROU,UDMR/RMDS,1105,Democratic Union of Hungarians in Romania / Democratic Alliance of Hungarians in Romania,12065180,RMDSZ,Romania,1989,9999,7.5,1992,,TRUE,TRUE,TRUE,TRUE,RMDSZ_UDMR,,,
ROU,PRM,1305,Greater Romania Party,11542122,PRM.la.guvernare,Romania,1991,9999,19.5,2000,,TRUE,TRUE,TRUE,TRUE,RomaniaMare2012,,,
ROU,PNL,481,National Liberal Party,389948,pnl.ro,Romania,1875,9999,31.3,2004,,TRUE,TRUE,TRUE,TRUE,PnlRomania,,,
ROU,PMP,3210,People's Movement Party,6318227,PartidulMiscareaPopulara.RO,Romania,2014,9999,5.3,2016,,TRUE,TRUE,TRUE,TRUE,pmp_ro,,This looks like their official account but it only has one tweet and very few followers,
ROU,PER,1373,Romanian Ecologist Party,12065171,PartidulESR,Romania,1990,9999,1.7,1990,,TRUE,TRUE,TRUE,FALSE,,,Can't find anything that looks like an official party handle.,
ROU,USR,5969,Save Romania Union,1.06E+15,USRNational ,Romania,2015,9999,8.9,2016,,TRUE,TRUE,TRUE,TRUE,usr_romania,,,
SVK,KDH,63,Christian Democratic Movement,697869,krestanskidemokrati,Slovakia,1990,9999,19.2,1990,X,TRUE,TRUE,TRUE,TRUE,KDHsk,,,
SVK,KU,7360,Christian Union,8819049,KrestanskaUniaOfficial,Slovakia,2019,9999,3.9,2019,,TRUE,TRUE,TRUE,FALSE,,,Can't find anything that looks like an official party handle.,
SVK,SaS,1386,Freedom and Solidarity,390546,stranasas,Slovakia,2009,9999,12.1,2010,,TRUE,TRUE,TRUE,TRUE,stranasas,,,
SVK,PaS,3208,Law and Justice,1.57E+11,,Poland,2014,9999,1.7,2014,X,TRUE,TRUE,TRUE,TRUE,pisorgpl,,"This seems to be a Polish party, actually.",
SVK,MH,258,Most-Hid,2168423,MostHid,Slovakia,2009,9999,8.1,2010,,TRUE,TRUE,TRUE,TRUE,MostHid2014,,,
SVK,OƒΩaNO,2130,Ordinary People and Independents,2168418,obycajni.ludia.a.nezavisle.osobnosti,Slovakia,2011,9999,8.6,2012,,TRUE,TRUE,TRUE,FALSE,,,Can't find any twitter handle related to the party.,
SVK,SMK-MKP,349,Party of the Hungarian Coalition / Party of the Hungarian Community,6298462,mkp.smk,Slovakia,1998,9999,11.7,2006,X,TRUE,TRUE,TRUE,FALSE,,,Can't find any twitter handle related to the party.,
SVK,LsNS,656,People's Party Our Slovakia,2655728,lsnsbb,Slovakia,2010,9999,1.6,2012,,TRUE,TRUE,TRUE,FALSE,,,Can't find any twitter handle related to the party.,
SVK,PS,7361,Progressive Slovakia,5258549,ProgresivneSlovensko,Slovakia,2017,9999,20.1,2019,,TRUE,TRUE,TRUE,TRUE,progresivne_sk,,,
SVK,SNS,730,Slovak National Party,2166002,stranasns,Slovakia,1990,9999,13.9,1990,,TRUE,TRUE,TRUE,TRUE,stranasns,,"I found this twitter handle: @stranasns but it doesn't seem to be official and has very few followers and posts, so I'm not sure.",
SVK,Spolu,8177,Together ‚Äì Civic Democracy,5258546,stranaspolu,Slovakia,2018,9999,14,2019,,TRUE,TRUE,TRUE,TRUE,StranaSPOLU,,,
SVK,SR,4873,We are family ‚Äì Boris Kollar,2168416,HnutieSmeRodina,Slovakia,2015,9999,6.6,2016,,TRUE,TRUE,TRUE,FALSE,,,Can't find anything that resembles an official twitter account.,
SVN,ZaAB / SAB,3114,Alliance of Alenka Bratusek / Party of Alenka Bratu≈°ek,3249604,StrankaSAB,Slovenia,2014,9999,4.4,2014,,TRUE,TRUE,TRUE,TRUE,StrankaSAB,,,
SVN,DL,98,Civic List,9985645,drzavljanska.lista,Slovenia,2011,9999,8.4,2011,,TRUE,TRUE,TRUE,TRUE,strankaDL,,,
SVN,Pose,7363,Connect,7263686,povezimo.se,Slovenia,2019,9999,1.7,2019,,TRUE,TRUE,TRUE,TRUE,povezimo_se,,,
SVN,DeSUS,467,Democratic Party of Retired People of Slovenia,2994729,StrankaDeSUS,Slovenia,1991,9999,10.2,2014,,TRUE,TRUE,TRUE,TRUE,stranka_DeSUS,,,
SVN,LMS,6132,List of Marjan Sarec,3249583,strankalms,Slovenia,2014,9999,12.6,2018,,TRUE,TRUE,TRUE,TRUE,StrankaLMS,,,
SVN,NSi,1618,New Slovenia -- Christian People's Party,1118010,novaslovenija,Slovenia,2000,9999,4.9,2011,,TRUE,TRUE,TRUE,TRUE,NovaSlovenija,,,
SVN,DOM,7362,Patriotic League,7179648,domovinskaliga,Slovenia,2019,9999,1.7,2019,,TRUE,TRUE,TRUE,TRUE,DomovinskaLiga,,,
SVN,SDS,472,Slovenian Democratic Party,1336607,slovenska.demokratska.stranka,Slovenia,1989,9999,29.3,2008,,TRUE,TRUE,TRUE,TRUE,strankaSDS,,,
SVN,SNS,96,Slovenian National Party,5530278,StrankaSNS,Slovenia,1992,9999,10,1992,,TRUE,TRUE,TRUE,TRUE,SnsStranka,,,
SVN,SLS,764,Slovenian People's Party,2994737,strankaSLS,Slovenia,1990,9999,19.4,1996,,TRUE,TRUE,TRUE,TRUE,strankaSLS,,,
SVN,PSS,3099,Slovenian Pirate Party,3249599,Piratska.Stranka.Slovenije,Slovenia,2012,9999,1.3,2014,,TRUE,TRUE,TRUE,TRUE,piratskastranka,,,
SVN,SD/ZLSD,1403,Social Democrats / United List of Social Democrats,2994739,socialnidemokrati.si,Slovenia,1993,9999,30.4,2008,,TRUE,TRUE,TRUE,TRUE,strankaSD,,,
SVN,S,3220,Solidarity,3300279,solidarnost.si,Slovenia,2013,9999,1.7,2014,,TRUE,TRUE,TRUE,TRUE,Solidarnost_si,,,
SVN,L,6131,The Left,3250119,zdruzenalevica,Slovenia,2018,2018,9.3,2018,,TRUE,TRUE,TRUE,TRUE,strankalevica,,,
SVN,SMS,1401,Youth Party of Slovenia,NA,strankamladih.zelenievrope ,Slovenia,2000,9999,4.3,2000,,TRUE,TRUE,TRUE,TRUE,SMS_ZELENI,,,
SVN,LZJPS,1773,Zoran Jankoviƒá's List ‚Äì Positive Slovenia,2994742,PozitivnaSlovenija,Slovenia,2011,9999,28.5,2011,X,TRUE,TRUE,TRUE,TRUE,PozitivnaSlo,,,
ESP,EHBildu,5668,Basque Country Unite,472569,ehbildu,Spain,2011,9999,0.9,2015,,TRUE,TRUE,TRUE,TRUE,ehbildu,,,
ESP,CC,81,Canary Coalition,303485,coalicion.canaria,Spain,1993,9999,1.1,2000,X,TRUE,TRUE,TRUE,TRUE,coalicion,,Coalition,
ESP,C's,3217,Citizens -- Party of the Citizenry,303479,Cs.Ciudadanos,Spain,2005,9999,13.9,2015,,TRUE,TRUE,TRUE,TRUE,CiudadanosCs,,,
ESP,CEP,5853,Coalition for the Europe of the Peoples,12065158,ceuscoalition,Spain,1987,2014,5.4,2014,,TRUE,TRUE,TRUE,TRUE,CEUScoalition,,,
ESP,AP/PP,441,People's Alliance-Party / People's Party,303480,pp,Spain,1976,9999,45.2,2000,,TRUE,TRUE,TRUE,TRUE,populares,,,
ESP,ERC,848,Republican Left of Catalonia,303493,Esquerra.ERC,Spain,1931,9999,2.6,2004,,TRUE,TRUE,TRUE,TRUE,Esquerra_ERC,,,
ESP,PSC-PSOE,586,Socialists' Party of Catalonia,472651,PSC,Spain,1978,9999,3.8,2011,,TRUE,TRUE,TRUE,TRUE,socialistes_cat,,,
ESP,PSOE,1338,Spanish Socialist Workers Party,303495,psoe,Spain,1879,9999,48.3,1982,,TRUE,TRUE,TRUE,TRUE,PSOE,,,
ESP,JxCat,7421,Together for Catalonia,6862470,JxCatalunya,Spain,2018,9999,1.9,2019,,TRUE,TRUE,TRUE,TRUE,JuntsXCat,,,
ESP,UPyD,55,"Union, Progress and Democracy",303496,Union.Progreso.y.Democracia,Spain,2008,9999,4.8,2011,,TRUE,TRUE,TRUE,TRUE,UPYD,,,
ESP,PODEMOS,3203,We Can,303501,ahorapodemos,Spain,2014,9999,20.7,2015,,TRUE,TRUE,TRUE,TRUE,PODEMOS,,,
SWE,KD,651,Christian Democrats,358444,Kristdemokraterna,Sweden,1964,9999,11.8,1998,,TRUE,TRUE,TRUE,TRUE,kdriks,,,
SWE,B/C,199,Farmers' League / Centre Party,361418,centerpartiet,Sweden,1913,9999,25.1,1973,,TRUE,TRUE,TRUE,TRUE,Centerpartiet,,,
SWE,Fi,1240,Feminist Initiative,136538,feministisktinitiativ,Sweden,2009,9999,3.1,2014,,TRUE,TRUE,TRUE,TRUE,Feministerna,,,
SWE,AV / H / HP / M,690,General Electoral League / The Right / Right Wing Party / Moderate Party,352146,moderaterna,Sweden,1904,9999,30,2010,,TRUE,TRUE,TRUE,TRUE,moderaterna,,,
SWE,MP,456,Greens,129214,miljopartiet,Sweden,1981,9999,7.3,2010,,TRUE,TRUE,TRUE,TRUE,miljopartiet,,,
SWE,V,830,Left Party / Communist Party,129213,vansterpartiet,Sweden,1917,9999,12,1998,,TRUE,TRUE,TRUE,TRUE,vansterpartiet,,,
SWE,Fpl / L,1274,Liberal People's Party / The Liberals,361421,liberalernas,Sweden,1934,9999,40.2,1911,,TRUE,TRUE,TRUE,TRUE,liberalerna,,,
SWE,PP,1485,Pirate Party,1625907,piratpartiet,Sweden,2009,9999,0.6,2010,,TRUE,TRUE,TRUE,TRUE,piratpartiet,,,
SWE,S,487,Social Democrats / Social Democratic Workers' Party of Sweden,129212,socialdemokraterna,Sweden,1889,9999,53.8,1940,,TRUE,TRUE,TRUE,TRUE,socialdemokrat,,,
SWE,SD,409,Sweden Democrats,352025,sverigedemokraterna,Sweden,1988,9999,12.9,2014,,TRUE,TRUE,TRUE,TRUE,sdriks,,,
CHE,Grue,1006,Green Party,472149,gruenech,Switzerland,1979,9999,9.6,2007,,TRUE,TRUE,TRUE,TRUE,GrueneCH,,,
CHE,EVP,1123,Protestant Peoples Party,477247,evppev,Switzerland,1919,9999,2.4,2007,,TRUE,TRUE,TRUE,TRUE,evppev,,,
CHE,SP,29,Social Democratic Party of Switzerland,428485,spschweiz,Switzerland,1919,9999,30.8,1917,,TRUE,TRUE,TRUE,TRUE,spschweiz,,,
CHE,SVP,308,Swiss People's Party,428671,SVPch,Switzerland,1971,9999,28.9,2007,,TRUE,TRUE,TRUE,TRUE,SVPch,,,
CHE,LdT,1661,Ticino League,516764,LegadeiTicinesi,Switzerland,1991,9999,1.4,1991,,TRUE,TRUE,TRUE,TRUE,LEGAdeiTicinesi,,,
GBR,All,1477,Alliance Party of Northern Ireland,10642639740,alliancepartyni,UK,1970,9999,7.7,2011,,TRUE,TRUE,TRUE,TRUE,allianceparty,,,
GBR,Con,1567,Conservatives,136416,conservatives,UK,1834,9999,55,1931,,TRUE,TRUE,TRUE,TRUE,Conservatives,,,
GBR,DUP,335,Democratic Unionist Party,348421,democraticunionistparty,UK,1974,9999,0.9,2005,X,TRUE,TRUE,TRUE,TRUE,duponline,,,
GBR,GP,1794,Green Party of England and Wales,137454,thegreenparty,UK,1990,9999,3.8,2015,,TRUE,TRUE,TRUE,TRUE,TheGreenParty,,,
GBR,Lab,1516,Labour,16965,labourparty,UK,1900,9999,48.8,1951,,TRUE,TRUE,TRUE,TRUE,UKLabour,,,
GBR,LD,1388,Liberal Democrats,41669,libdems,UK,1988,9999,23,2010,,TRUE,TRUE,TRUE,TRUE,LibDems,,,
GBR,Plaid,1002,Plaid Cymru ‚Äì the Party of Wales,426510,PlaidCymruWales,UK,1925,9999,0.7,2001,X,TRUE,TRUE,TRUE,TRUE,Plaid_Cymru,,,
GBR,SNP,986,Scottish National Party,138795,theSNP,UK,1934,9999,4.7,2015,,TRUE,TRUE,TRUE,TRUE,theSNP,,,
GBR,SF,963,Sinn Fein,1.49E+14,sinnfein ,UK,1905,9999,4.6,1918,,TRUE,TRUE,TRUE,TRUE,sinnfeinireland,,,
GBR,SDLP,762,Social Democratic and Labour Party,348422,SocialDemocraticLabourParty,UK,1974,9999,0.6,1997,,TRUE,TRUE,TRUE,TRUE,SDLPlive,,,
GBR,UUP,1366,Ulster Unionist Party,1.08E+11,ulsterunionistparty,UK,1905,9999,0.8,1983,,TRUE,TRUE,TRUE,TRUE,uuponline,,,
GBR,UKIP,601,United Kingdom Independence Party,136425,UKIP,UK,1993,9999,12.7,2015,,TRUE,TRUE,TRUE,TRUE,UKIP,,,
GBR,PO,8360,Workers' Party of Ireland,3.2E+14,workerspartyireland,UK,1970,9999,5,1989,,TRUE,TRUE,TRUE,TRUE,workersparty,,,
BEL,PVDA PTB,1753,Workers' Party of Belgium,350393,ptbbelgique,Belgium,NA,NA,NA,NA,x,TRUE,TRUE,TRUE,TRUE,ptbbelgique,,"I think this is the same party as row 34, but this is the FB page in French and the one listed on 34 is their FB page in Dutch.",