country,name_short,partyfacts_id,name_english_x,page_id,handle,country_left,year_first,year_last,share,share_year,see_comments,data_collected,active_2010_or_after,facebook_handle_found,twitter_handle_TF,twitter_handle,D_comments,J_comments,T_comments,twitter_handle_lower,author_id
BEL,SPA,1680,Socialist Party Differently,NA,vooruit.nu,Belgium,1978,9999,14.9,1987,NA,FALSE,TRUE,TRUE,TRUE,vooruit,NA,NA,NA,vooruit,7893252
ESP,IU,247,United Left,74858103866,izquierda.unida,Spain,1986,9999,10.5,1996,NA,TRUE,TRUE,TRUE,TRUE,IzquierdaUnida,NA,"This is the handle, but the account seems to have been deleted. This is also a coalition and according to Wikipedia, only the Communist Party of Spain is still active in the coalition.",NA,izquierdaunida,14824411
GBR,BP,7364,Brexit Party,6205175,thereformpartyuk,UK,2018,9999,31.6,2019,NA,TRUE,TRUE,TRUE,TRUE,reformparty_uk,NA,"Name has changed to ""Reform Party"", I suppose since Brexit has already happened. I updated their FB handle too, but the old one still leads to their new one.",NA,reformparty_uk,1094881364887986200
BEL,CSP,6688,Christian Social Party,NA,csp.dg,Belgium,1971,9999,3.6,1994,NA,FALSE,TRUE,TRUE,TRUE,CSPOstbelgien,NA,NA,NA,cspostbelgien,1652725850
BGR,R,5862,Revival,NA,vazrazhdane.bg,Bulgaria,2017,9999,1.1,2017,NA,FALSE,TRUE,TRUE,TRUE,vazrazhdane,NA,NA,NA,vazrazhdane,858254942280314900
BGR,DB,5861,"Yes, Bulgaria!",NA,dabulgaria.bg,Bulgaria,2017,9999,3,2017,NA,FALSE,TRUE,TRUE,TRUE,BulgariaDA,NA,NA,NA,bulgariada,808227134867177500
HRV,HSS,72,Croatian Peasant Party,NA,hss.hrvatska,Croatia,1904,9999,15.6,2000,NA,FALSE,TRUE,TRUE,TRUE,HSSHrvatska,NA,NA,NA,hsshrvatska,777789978768269300
HRV,NS-R,4866,People's Party - Reformists,NA,narodna.stranka.reformisti,Croatia,2014,9999,1.5,2015,NA,FALSE,TRUE,TRUE,TRUE,NS_reformisti,NA,NA,NA,ns_reformisti,3542965397
HRV,ORaH,3201,Sustainable Development of Croatia,NA,orah.hr,Croatia,2013,9999,1.7,2015,NA,FALSE,TRUE,TRUE,TRUE,ORaHrvatske,NA,NA,NA,orahrvatske,2173745456
FRA,PA,7343,Animalist Party,NA,parti.animaliste,France,2016,9999,2.2,2019,NA,FALSE,TRUE,TRUE,TRUE,PartiAnimaliste,NA,NA,NA,partianimaliste,4396594342
DEU,ODP,7345,Ecological Democratic Party,NA,oedp.de,Germany,1982,9999,1,2019,NA,FALSE,TRUE,TRUE,TRUE,oedp_de,NA,NA,NA,oedp_de,117395471
GRC,MR25,7348,European Realistic Disobedience Front [MeRa25],NA,mera25.gr,Greece,2018,9999,3.4,2019,NA,FALSE,TRUE,TRUE,TRUE,mera25_gr,NA,NA,NA,mera25_gr,964483974440595500
GRC,Antarsya,95,Front of the Greek Anticapitalist Left,NA,ANT,Greece,2009,9999,1.2,2012,NA,FALSE,TRUE,TRUE,TRUE,ANTARSYAPress,NA,NA,NA,antarsyapress,535244030
GRC,PASOK,1468,Panhellenic Socialist Movement,NA,pasok.gr,Greece,1974,9999,48.1,1981,NA,FALSE,TRUE,TRUE,TRUE,pasok,NA,NA,NA,pasok,10701602
ITA,PRC,1404,Communist Refoundation Party,NA,rifondazione.comunista,Italy,1992,9999,8.6,1996,NA,FALSE,TRUE,TRUE,TRUE,direzioneprc,NA,NA,NA,direzioneprc,24184892
ITA,PdCI,1635,Party of Italian Communists,NA,partitocomunistaitaliano,Italy,2001,2014,2.2,2006,NA,FALSE,TRUE,TRUE,TRUE,ilPCI,"Apparently this party has been thru a few name confirgurations, but this should be the most recent one, arrivate at in 2014",NA,NA,ilpci,4458375135
HUN,Fidesz,1691,Fidesz ‚Äì Hungarian Civic Alliance,5458001,fideszhu,Hungary,1988,9999,41.1,2002,NA,TRUE,TRUE,TRUE,TRUE,Fideszmpsz,FB handle was incorrect - has been updated with the correct one,NA,NA,fideszmpsz,94963212
HUN,MM,8249,Momentum Movement,12065205,momentum.mozgalom,Hungary,2017,9999,3.1,2018,NA,TRUE,TRUE,TRUE,TRUE,momentumhu,NA,NA,NA,momentumhu,828640729090097200
ITA,M5S,2046,Five Star Movement,374785,movimento5stelle,Italy,2009,9999,25.6,2013,x,TRUE,TRUE,TRUE,TRUE,Mov5Stelle,"FB handle was incorrect, I updated it",NA,NA,mov5stelle,289400495
LTU,LRLS,1744,Liberals' Movement of the Republic of Lithuania,81004804444,liberalai,Lithuania,2008,9999,8.6,2012,NA,TRUE,TRUE,TRUE,TRUE,liberalai,NA,NA,NA,liberalai,40254263
LUX,CSV,539,Christian Social People's Party,56016549775,csv.lu,Luxembourg,1944,9999,42.4,1954,NA,TRUE,TRUE,TRUE,TRUE,CSV_news,NA,NA,NA,csv_news,1622094828
LUX,DP,300,Democratic Party,281000000000000,demokrateschpartei,Luxembourg,1945,9999,22.2,1974,NA,TRUE,TRUE,TRUE,TRUE,dp_lu,NA,NA,NA,dp_lu,821247049
LUX,PID,2064,Party for Full Democracy,841000000000000,parteifirintegraldemokratie,Luxembourg,2013,9999,1.5,2013,NA,TRUE,TRUE,TRUE,TRUE,pid_lu,NA,NA,NA,pid_lu,2163722870
LUX,VL,7353,Volt Luxembourg,766000000000000,voltluxembourg,Luxembourg,2017,9999,2.1,2019,X,TRUE,TRUE,TRUE,TRUE,voltluxembourg,NA,Still not convinced this is an actual party (like Volt NL),NA,voltluxembourg,10184100777059e5
NLD,50+,714,50PLUS,348000000000000,50PLUSpartij,Netherlands,2009,9999,1.9,2012,NA,TRUE,TRUE,TRUE,TRUE,50pluspartij,NA,NA,NA,50pluspartij,223455196
NLD,CDA,1157,Christian Democratic Appeal,320000000000,kiescda,Netherlands,1980,9999,35.3,1989,NA,TRUE,TRUE,TRUE,TRUE,cdavandaag,NA,NA,NA,cdavandaag,23770198
NLD,D66,45,Democrats 66,52985377549,d66,Netherlands,1966,9999,15.5,1994,NA,TRUE,TRUE,TRUE,TRUE,D66,NA,NA,NA,d66,28076891
NLD,PVV,298,Party for Freedom,NA,partijvoordevrijheid,NLD,2006,9999,15.4,2010,X,TRUE,TRUE,TRUE,TRUE,PVV2021,NA,NA,NA,pvv2021,576580179
NLD,VVD,828,People's Party for Freedom and Democracy,121000000000000,vvd,Netherlands,1948,9999,26.6,2012,NA,TRUE,TRUE,TRUE,TRUE,VVD,NA,NA,NA,vvd,7599192
NLD,SP,1363,Socialist Party,128000000000,socialistischepartij,Netherlands,1971,9999,16.6,2006,NA,TRUE,TRUE,TRUE,TRUE,SPnl,NA,NA,NA,spnl,17289752
NLD,VN,7355,Volt Netherlands,714689,voltnederland,Netherlands,2018,9999,1.9,2019,x,TRUE,TRUE,TRUE,TRUE,VoltNederland,NA,I think this is a political organization but not an actual political party. Just flagging that.,NA,voltnederland,966790780869316600
NOR,Kp,677,Coastal Party,278000000000000,kystpartiet,Norway,1999,9999,1.7,2001,NA,TRUE,TRUE,TRUE,TRUE,Kystpartiet,NA,NA,NA,kystpartiet,63310797
NOR,V,1173,Liberal Party of Norway,10254410675,venstre.no,Norway,1884,9999,54,1900,NA,TRUE,TRUE,TRUE,TRUE,Venstre,NA,NA,NA,venstre,14997025
POL,KORWIN,4629,Coalition for the Renewal of the Republic ‚Äì Liberty and Hope,167e13,korwin1.koszalin,Poland,2015,9999,4.8,2015,NA,TRUE,TRUE,TRUE,TRUE,Partia_KORWiN,NA,NA,NA,partia_korwin,2981372711
POL,KNP,4713,Congress of the New Right,205000000000000,kongresnowejprawicy,Poland,2011,9999,1.1,2011,NA,TRUE,TRUE,TRUE,TRUE,NowaPrawica,NA,NA,NA,nowaprawica,246351917
POL,SLD,57,Democratic Left Alliance,NA,nowaalewica,Poland,1991,9999,41,2001,X,TRUE,TRUE,TRUE,TRUE,__Lewica,NA,This party changed its name to Nowa Lewica. Updated FB and Twitter handles here.,NA,__lewica,66324459
POL,PD,1566,Democratic Party,NA,demokracipl,Poland,2005,2016,13.2,2007,NA,TRUE,TRUE,TRUE,TRUE,UniaEuroDem,NA,NA,NA,uniaeurodem,778492718892867600
POL,MN,1439,German minority,NA,deutscheminderheitinoppeln,Poland,1991,9999,1.2,1991,X,TRUE,TRUE,TRUE,TRUE,NiemcywPolsce,NA,"This political party (German minority) seems to be tied to a German Heritage organization FB page (the party's website FB widget leads to the FB handle). I can't exactly tell if the party is involved in posting on this page, but most of it seems to be about german cultural events in Poland. Not sure if we want to use this.",It also appears to be the same FB page as the following row. Not sure what to do here but let's keep it for now,niemcywpolsce,3298412525
POL,Razem,4871,[Left] Together,430000000000000,partiarazem,Poland,2015,9999,3.6,2015,NA,TRUE,TRUE,TRUE,TRUE,partiarazem,NA,NA,NA,partiarazem,3104219584
POL,PR,876,Republic Right Party,263000000000,prawicarzeczypospolitej,Poland,2007,9999,2,2009,NA,TRUE,TRUE,TRUE,TRUE,Prawica_Rz,NA,NA,NA,prawica_rz,282519312
POL,SRP,727,Self-Defense of the Republic Poland,518000000000000,zzrsamoobrona,Poland,1992,9999,11.4,2005,NA,TRUE,TRUE,TRUE,TRUE,samoobronaorgpl,NA,This looks like their official account but it only has one tweet and very few followers,NA,samoobronaorgpl,1039421972533395500
PRT,CDS/PP,1308,Democratic and Social Center / People's Party,815000000000000,cdspp,Portugal,1975,9999,16.8,1976,NA,TRUE,TRUE,TRUE,TRUE,_CDSPP,NA,NA,NA,_cdspp,19334929
PRT,CH,8182,Enough,199e13,partidochegaoficial,Portugal,2019,9999,1.3,2019,NA,TRUE,TRUE,TRUE,TRUE,PartidoCHEGA,NA,NA,NA,partidochega,1070088307894349800
PRT,PDR,4513,Republican Democratic Party,206000000000000,pdr.portugal,Portugal,2014,9999,1.2,2015,NA,TRUE,TRUE,TRUE,TRUE,PDR_PT,NA,NA,NA,pdr_pt,1235692834864468e3
PRT,NC,7358,"We, the Citizens!",15e14,noscidadaos,Portugal,2015,9999,1.1,2019,NA,TRUE,TRUE,TRUE,TRUE,NOSCIDADAOS,NA,NA,NA,noscidadaos,2514634590
ROU,FC,2473,Civic Force,NA,fortacivica,Romania,2004,2014,2.6,2014,X,TRUE,TRUE,TRUE,TRUE,FortaCivicaBN,NA,"Dissolved in 2014. FB page still looks active (last post October 2020) so I'm not sure it's necessarily *their* content, but it looks like the party's official page. For Twitter: This looks like their official account but it only has one tweet and very few followers",NA,fortacivicabn,1909122012
ROU,PROR,7359,PRO Romania,218e13,proromaniaoficial,Romania,2018,9999,6.4,2019,NA,TRUE,TRUE,TRUE,TRUE,PRORomaniaNat,NA,NA,NA,proromanianat,904043304429527e3
ROU,PSD,120,Social Democratic Party,291000000000000,partidulsocialdemocrat,Romania,1996,9999,58.6,2012,NA,TRUE,TRUE,TRUE,TRUE,psdbiroupresa,NA,NA,NA,psdbiroupresa,470030489
SVK,Smer ‚Äì SD,311,Direction ‚Äì Social Democracy,7518396,smersd,Slovakia,1999,9999,44.4,2012,NA,TRUE,TRUE,TRUE,TRUE,smersd,NA,NA,NA,smersd,21845251
SVK,NaS-NS,2132,Nation and Justice-Our Party,149000000000000,narod.a.spravodlivost,Slovakia,2011,2014,1.4,2014,NA,TRUE,TRUE,TRUE,TRUE,strana_NaS,NA,This handle is linked on their official webpage but the account hasn't been active since 2015 and has almost no followers.,NA,strana_nas,1489963826
SVN,SS,3204,Dream Job,NA,dasanjskasluzba,Slovenia,2014,9999,3.5,2014,NA,TRUE,TRUE,TRUE,TRUE,SanjskaSluzba,NA,NA,NA,sanjskasluzba,2289562243
SVN,DD,6133,Good Country,119e13,dobradrzava,Slovenia,2018,2018,1.5,2018,NA,TRUE,TRUE,TRUE,TRUE,DobraDrzava,NA,NA,NA,dobradrzava,705733397956661200
SVN,LDS,975,Liberal Democracy of Slovenia,12185646529,strankalds,Slovenia,1990,9999,36.3,2000,NA,TRUE,TRUE,TRUE,TRUE,LDSstranka,NA,NA,NA,ldsstranka,25277786
SVN,SMC,3098,Party of Miro Cerar / Modern Center Party,151e13,strankasmc,Slovenia,2014,9999,34.5,2014,NA,TRUE,TRUE,TRUE,TRUE,StrankaSMC,NA,NA,NA,strankasmc,2584619100
ESP,PACMA,3219,Animalist Party Against Mistreatment to Animals,72181181684,partidoanimalista.pacma,Spain,2003,9999,1.2,2016,NA,TRUE,TRUE,TRUE,TRUE,PartidoPACMA,NA,NA,NA,partidopacma,84054978
ESP,PAR,946,Aragonese Regionalist Party,177000000000000,partidoaragones,Spain,1978,9999,1.4,2011,NA,TRUE,TRUE,TRUE,TRUE,AragonPAR,NA,NA,NA,aragonpar,1876448982
ESP,PNV,1637,Basque Nationalist Party,26830001203,eajpnv,Spain,1895,9999,1.9,1982,NA,TRUE,TRUE,TRUE,TRUE,eajpnvgipuzkoa,NA,NA,NA,eajpnvgipuzkoa,269746303
ESP,EA,1324,Basque Solidarity,998000000000000,ealkartasuna,Spain,1986,9999,0.7,1989,NA,TRUE,TRUE,TRUE,TRUE,ealkartasuna,NA,NA,NA,ealkartasuna,185675039
ESP,PCE,8186,Communist Party of Spain,294000000000000,elpce,Spain,1921,9999,2.5,1936,NA,TRUE,TRUE,TRUE,TRUE,elpce,NA,NA,NA,elpce,16579721
ESP,BNG,1011,Galician Nationalist Block,128000000000000,obloque,Spain,1982,9999,1.3,2000,NA,TRUE,TRUE,TRUE,TRUE,obloque,NA,NA,NA,obloque,155544328
ESP,ECP,8031,In Common We Can,464000000000000,encomupodem,Spain,2015,9999,3.7,2015,X,TRUE,TRUE,TRUE,TRUE,EnComu_Podem,NA,"This is a coalition between Unidas Podemos, Barcelona en Comú, Initiative for Catalonia Greens, United and Alternative Left and Equo. It's still active but I don't know if we should use it since it's a coalition...",NA,encomu_podem,3906310100
ESP,ICV,1260,Initiative for Catalonia Greens,148000000000000,iniciativapercatalunyaverds,Spain,1987,9999,0.8,2011,X,TRUE,TRUE,TRUE,TRUE,iniciativa,NA,Was dissolved in 2019 but still has FB posts until July 2019.,NA,iniciativa,15280016
ESP,EM,5873,In Tide,173e13,enmareagal,Spain,2015,9999,1.6,2015,NA,TRUE,TRUE,TRUE,TRUE,En_Marea,NA,NA,NA,en_marea,4069301782
ESP,CUP,8357,Popular Unity Candidacy,156000000000000,unitatpopular,Spain,1991,9999,1,2019,NA,TRUE,TRUE,TRUE,TRUE,cupnacional,NA,NA,NA,cupnacional,91796121
ESP,Vox,3218,Voice,467000000000000,voxespana,Spain,2013,9999,10,2019,NA,TRUE,TRUE,TRUE,TRUE,vox_es,NA,NA,NA,vox_es,2201623465
CHE,BDP,1415,Conservative Democratic Party of Switzerland,129000000000000,bdpschweiz,Switzerland,2008,9999,5.4,2011,NA,TRUE,TRUE,TRUE,TRUE,BDPSchweiz,NA,NA,NA,bdpschweiz,226841200
CHE,FDP,1231,FDP.The Liberals,12065190,fdp.dieliberalen,Switzerland,2009,9999,16.4,2015,NA,TRUE,TRUE,TRUE,TRUE,FDP_Liberalen,NA,NA,NA,fdp_liberalen,39250641
CHE,EDU,631,Federal Democratic Union of Switzerland,216000000000,eduschweiz,Switzerland,1979,9999,1.3,1995,NA,TRUE,TRUE,TRUE,TRUE,EDUSchweiz,NA,NA,NA,eduschweiz,297862387
CHE,GPL,1759,Green Liberal Party,2749463,grunliberale,Switzerland,2007,9999,5.4,2011,NA,TRUE,TRUE,TRUE,TRUE,grunliberale,NA,NA,NA,grunliberale,22799864
CHE,PdA,669,Swiss Party of Labour,189e13,partisuissedutravail,Switzerland,1944,9999,5.1,1947,NA,TRUE,TRUE,TRUE,TRUE,pst_pop,NA,NA,NA,pst_pop,1249625742004060200
GBR,ED,1675,English Democrats,207000000000,www.engdem.org,UK,2002,9999,1.8,2009,NA,TRUE,TRUE,TRUE,TRUE,EnglishDemocrat,NA,NA,NA,englishdemocrat,25371310
DEU,Z,1798,Centre Party,NA,zentrumspartei,Germany,1870,9999,13.6,1920,NA,FALSE,TRUE,TRUE,TRUE,zentrum1870,NA,NA,NA,zentrum1870,803251339425890300
ITA,SEL,7031,Left Ecology Freedom,NA,SinistraEcologiaELibertaEuropa,Italy,2009,2016,3.2,2013,NA,FALSE,TRUE,TRUE,TRUE,SI_sinistra,NA,NA,NA,si_sinistra,28528873
GBR,SLP,1277,Socialist Labour Party,NA,socialistlabourpartyGB,UK,1996,9999,1.1,2009,x,FALSE,TRUE,TRUE,TRUE,slp_gb,"This is listed as the offical Twitter on their website but looks like a local page? There really arent any other socialist labour pages on Twitter, so I think this is offical but reads local from teh name",NA,NA,slp_gb,435161217
DNK,Enh,1527,Red-Green Alliance,676323,enhedslisten,Denmark,1989,9999,7.6,2015,NA,TRUE,TRUE,TRUE,TRUE,enhedslisten,NA,NA,NA,enhedslisten,111554559
FIN,VAS,1044,Left Alliance,639505,vasemmisto,Finland,1990,9999,11.2,1995,NA,TRUE,TRUE,TRUE,TRUE,vasemmisto,NA,NA,NA,vasemmisto,25494061
PRT,PCTP/MRPP,857,Communist Party of the Portuguese Workers / Reorganizative Movement of the Party of the Proletariat,12065192,vermelhaestrela,Portugal,1994,9999,1.2,2011,NA,TRUE,TRUE,TRUE,TRUE,pctpmrpp,NA,NA,NA,pctpmrpp,529780751
CHE,KK/CVP,1808,Catholic Conservative / Christian Democratic Peoples Party,466984,CVP.PDC.PPD.PCD,Switzerland,1912,9999,23.4,1963,NA,TRUE,TRUE,TRUE,TRUE,Mitte_Centre,NA,"Merged with BDP (below) in January 2021. Both FB and Twitter accounts no longer exist (links broken), but maybe the data is still out there somehow?",NA,mitte_centre,172375021
AUT,KPO,996,Communist Party of Austria,NA,kpoe.at,Austria,1945,9999,5.4,1945,NA,FALSE,TRUE,TRUE,TRUE,KPOE_EL,NA,NA,NA,kpoe_el,47436725
AUT,GILT,6138,My Vote Counts!,NA,GiltOesterreich,Austria,2017,2017,1,2017,NA,FALSE,TRUE,TRUE,TRUE,GILTofficial,NA,NA,NA,giltofficial,801505086090383400
AUT,PILZ,6137,Peter Pilz List,NA,jetzt.de,Austria,2017,2017,4.4,2017,x,FALSE,TRUE,TRUE,TRUE,jetzt,"According to wiki, this party is now Jetzt",NA,NA,jetzt,7014182
AUT,Fritz,439,The Citizens`Forum Austria,NA,listefritz,Austria,2008,9999,1.8,2008,NA,FALSE,TRUE,TRUE,TRUE,ListeFritz,NA,NA,NA,listefritz,193219787
BEL,Ecolo,1563,Confederated ecologists for the organisation of original struggles,NA,ecolo,Belgium,1979,9999,7.3,1999,NA,FALSE,TRUE,TRUE,TRUE,Ecolo,NA,NA,NA,ecolo,14514457
BEL,FDF,698,Front D√©mocratique des Francophones / D√©FI,NA,DemocrateFederalisteIndependant,Belgium,1964,9999,5,1974,NA,FALSE,TRUE,TRUE,TRUE,defi_eu,NA,NA,NA,defi_eu,126026083
BEL,CDH,2338,Humanist Democratic Centre,NA,lecdh,Belgium,2002,9999,5.9,1999,NA,FALSE,TRUE,TRUE,TRUE,lecdh,NA,NA,NA,lecdh,236561299
BEL,FN,191,National Front,NA,DemocratieNationale,Belgium,1985,2012,2.3,1995,x,FALSE,TRUE,TRUE,TRUE,DNatbe,"Accroding to the Wiki for the National Front, they are now National Democracy, so I put that FB handle here",NA,NA,dnatbe,440706106
HRV,CL-LP,3143,Croatian Labourists ‚Äì Labour Party,NA,laburisti,Croatia,2010,9999,4.2,2011,NA,FALSE,TRUE,TRUE,TRUE,LaburistiHR,NA,NA,NA,laburistihr,707593432445952e3
HRV,HSLS,214,Croatian Social Liberal Party,NA,LiberaliHSLS,Croatia,1989,9999,4.1,2003,NA,FALSE,TRUE,TRUE,TRUE,LiberaliHSLS,NA,NA,NA,liberalihsls,1224338372686229500
HRV,IDS,513,Istrian Democratic Assembly,NA,idsddi,Croatia,2000,9999,1.5,2007,NA,FALSE,TRUE,TRUE,TRUE,IDSDDI,NA,NA,NA,idsddi,80514014
HRV,AM,3136,Youth Action,NA,akcijamladih,Croatia,2005,9999,1.5,2013,NA,FALSE,TRUE,TRUE,TRUE,AkcijaMladih,NA,NA,NA,akcijamladih,32403819
CZE,CSSD,177,Czech Social Democratic Party,NA,cssdcz,Czech Republic,1990,9999,32.3,2006,NA,FALSE,TRUE,TRUE,TRUE,CSSD,NA,NA,NA,cssd,18318781
CZE,H,7337,Voice,NA,hnutihlas,Czech Republic,2019,2019,2.4,2019,NA,FALSE,TRUE,TRUE,TRUE,hnutihlas,NA,NA,NA,hnutihlas,1091811489692962800
EST,ER,821,Estonian Reform Party,NA,reformierakond,Estonia,1994,9999,28.6,2011,NA,FALSE,TRUE,TRUE,TRUE,reformikad,NA,NA,NA,reformikad,68644850
FIN,SKP,7030,Communist Party of Finland,NA,suomenkommunistinenpuolue,Finland,1984,9999,11.2,1995,NA,FALSE,TRUE,TRUE,TRUE,Kommunistit,NA,NA,NA,kommunistit,328679706
FIN,KOK,495,National Coalition Party,NA,kokoomus,Finland,1927,9999,23.1,1987,NA,FALSE,TRUE,TRUE,TRUE,kokoomus,NA,NA,NA,kokoomus,22360764
FIN,UV/SIN,5859,New Alternative / Blue Reform,NA,SininenTulevaisuusRp,Finland,2017,9999,1,2019,NA,FALSE,TRUE,TRUE,TRUE,SinisetRp,NA,NA,NA,sinisetrp,876484109219921900
FRA,AC,1177,Centrist Alliance,NA,alliancecentriste,France,2009,9999,0.6,2012,NA,FALSE,TRUE,TRUE,TRUE,AllianceC,NA,NA,NA,alliancec,115030163
FRA,MDC/PR,3156,Citizens' Movement / Republican Alliance,NA,mouvementrepublicainetcitoyen,France,1993,9999,2.8,1997,NA,FALSE,TRUE,TRUE,TRUE,MRC_France,NA,NA,NA,mrc_france,574650777
FRA,MoDem,496,Democratic Movement,519719,mouvementdemocrate,France,2007,9999,7.6,2007,NA,FALSE,TRUE,TRUE,TRUE,MoDem,NA,NA,NA,modem,18387196
FRA,Gs,7342,"Generation.s, the movement",NA,GenerationsLeMvt,France,2017,9999,3.3,2019,NA,FALSE,TRUE,TRUE,TRUE,GenerationsMvt,NA,NA,NA,generationsmvt,831205999688179700
FRA,NC,1255,New Centre,NA,LesCentristesFr,France,2007,9999,2.4,2007,NA,FALSE,TRUE,TRUE,TRUE,LesCentristes_,NA,NA,NA,lescentristes_,34224009
DEU,BP,61,Bavarian Party,NA,Bayernpartei,Germany,1946,9999,4.2,1949,NA,FALSE,TRUE,TRUE,TRUE,Bayernpartei,NA,NA,NA,bayernpartei,52745493
DEU,CDU,1375,Christian Democratic Union,NA,CDU,Germany,1949,9999,39.7,1957,NA,FALSE,TRUE,TRUE,TRUE,CDU,NA,NA,NA,cdu,20429858
GRC,SYN,516,Coalition of the Left,NA,synaspismosGR,Greece,1989,2013,13.1,1989,NA,FALSE,TRUE,TRUE,TRUE,Synaspismos,NA,NA,NA,synaspismos,18014884
GRC,KIDISO,3212,Movement of Democratic Socialists,NA,KinimaDimokratonSosialiston,Greece,2015,9999,2.5,2015,NA,FALSE,TRUE,TRUE,TRUE,tokinima,NA,NA,NA,tokinima,2957082293
HUN,KDNP,1412,Christian Democratic People's Party,NA,kdnphu,Hungary,1944,9999,7,1994,NA,FALSE,TRUE,TRUE,TRUE,kdnphu,NA,NA,NA,kdnphu,116860853
HUN,LMP,1650,Politics Can Be Different,NA,lehetmas,Hungary,2010,9999,7.5,2010,NA,FALSE,TRUE,TRUE,TRUE,lehet_mas,NA,NA,NA,lehet_mas,33442154
IRL,SF,4,Sinn Fein (Provisional),NA,sinnfein,Ireland,1970,9999,9.9,2011,NA,FALSE,TRUE,TRUE,TRUE,sinnfeinireland,NA,NA,NA,sinnfeinireland,22628924
IRL,SP,1448,Socialist Party,NA,SocialistPartyIreland,Ireland,1996,9999,1.2,2011,NA,FALSE,TRUE,TRUE,TRUE,SocialistParty,NA,NA,NA,socialistparty,25310399
ITA,MSFT,1101,Fiamma Tricolore,NA,FiammaTricolore.official,Italy,1999,9999,2.5,2008,NA,FALSE,TRUE,TRUE,TRUE,fiammatricolore,NA,NA,NA,fiammatricolore,1332330672850149400
ITA,RI,8248,Italian Radicals,NA,radicali,Italy,2001,9999,2.6,2006,NA,FALSE,TRUE,TRUE,TRUE,Radicali,NA,NA,NA,radicali,150196030
ITA,PP,772,Pensioners' Party,NA,famigliapensionati,Italy,1987,9999,1.2,2004,NA,FALSE,TRUE,TRUE,TRUE,part_pensionati,NA,NA,NA,part_pensionati,1241650855
ITA,UDC,1758,Union of Christian and Centre Democrats,NA,UdcIta,Italy,2002,9999,6.8,2006,NA,FALSE,TRUE,TRUE,TRUE,UdcIta,NA,NA,NA,udcita,788291127384367100
LVA,NA,7619,National Alliance,NA,NacionalaApvieniba,Latvia,NA,NA,NA,NA,x,FALSE,TRUE,TRUE,TRUE,VL_TBLNNK,"According to Wiki all for latvia (Row 332) , and  For Fatherland and Freedom Party (Row 336) merged in 2011 to form the National Alliance .  This party wasn't on this sheet initally but it is listed in Partyfacts, so I've added it here",NA,NA,vl_tblnnk,30717518
AUT,OVP,1329,Austrian People's Party,449876,Volkspartei,Austria,1945,9999,49.8,1945,NA,TRUE,TRUE,TRUE,TRUE,volkspartei,NA,NA,NA,volkspartei,11043512
AUT,NEOS,1970,NEOS ‚Äì The New Austria,392511,NeosDasNeueOesterreich,Austria,2012,9999,5,2013,NA,TRUE,TRUE,TRUE,TRUE,neos_eu,NA,NA,NA,neos_eu,819698388
AUT,SPO,1384,Social Democratic Party of Austria,410804,Sozialdemokratie,Austria,1888,9999,51,1979,NA,TRUE,TRUE,TRUE,TRUE,SPOE_at,NA,NA,NA,spoe_at,26750370
AUT,GRUENE,1659,The Greens -- The Green Alternative,435967,diegruenenwien,Austria,1986,9999,12.4,2013,NA,TRUE,TRUE,TRUE,TRUE,gruenewien,NA,NA,NA,gruenewien,89035822
BEL,AGL-Gr,528,Agalev -- Green,306078,groen.be,Belgium,1979,9999,7,1999,NA,TRUE,TRUE,TRUE,TRUE,groen,NA,NA,NA,groen,8200752
BEL,CD&V,604,Christian Democrats and Flemish,326605,cdenv,Belgium,2001,9999,13.2,2003,NA,TRUE,TRUE,TRUE,TRUE,cdenv,NA,NA,NA,cdenv,15753618
BEL,VB,1968,Flemish Interest,326613,vlbelang,Belgium,2004,9999,12,2007,NA,TRUE,TRUE,TRUE,TRUE,vlbelang,NA,NA,NA,vlbelang,22473403
BEL,N-VA,36,New Flemish Alliance,334312,nieuwvlaamsealliantie,Belgium,2003,9999,20.3,2014,NA,TRUE,TRUE,TRUE,TRUE,de_NVA,NA,NA,NA,de_nva,24688336
BEL,PVV-OVLD,49,Party of Liberty and Progress -- Open Flemish Liberals and Democrats,326610,openvld,Belgium,1971,9999,15.4,2003,NA,TRUE,TRUE,TRUE,TRUE,openvld,NA,NA,NA,openvld,21994861
BEL,MR,789,Reformist Movement,326611,MRbe,Belgium,2002,9999,12.5,2007,NA,TRUE,TRUE,TRUE,TRUE,MR_officiel,NA,NA,NA,mr_officiel,102018086
BEL,PS,500,Socialist Party [Francophone],326609,psofficiel,Belgium,1978,9999,15.7,1987,NA,TRUE,TRUE,TRUE,TRUE,PSofficiel,NA,NA,NA,psofficiel,252962982
BEL,PVDA ‚Äì PTB,1753,Workers' Party of Belgium,350392,pvdabelgie,Belgium,1979,9999,8.6,2019,NA,TRUE,TRUE,TRUE,TRUE,pvdabelgie,NA,This appears to be the party's FB page in French: @ptbbelgique,NA,pvdabelgie,82068939
BEL,PVDA ‚Äì PTB,1753,Workers' Party of Belgium,350392,pvdabelgie,Belgium,1979,9999,8.6,2019,NA,TRUE,TRUE,TRUE,TRUE,pvdabelgie,NA,This appears to be the party's FB page in French: @ptbbelgique,NA,pvdabelgie,82068939
BGR,ABV,3187,Alternative for Bulgarian Revival,11959486,ABV.alternativa,Bulgaria,2014,9999,4.2,2014,NA,TRUE,TRUE,TRUE,TRUE,AbvOrg,NA,NA,NA,abvorg,2343294564
BGR,BSP,757,Bulgarian Socialist Party,2038644,BulgarianSocialistParty,Bulgaria,1991,9999,47.2,1990,NA,TRUE,TRUE,TRUE,TRUE,BSP_Bulgaria,NA,NA,NA,bsp_bulgaria,820968297520889900
BGR,GERB,760,Citizens for European Development of Bulgaria,7609520,PPGERB,Bulgaria,2007,9999,39.7,2009,NA,TRUE,TRUE,TRUE,TRUE,PPGERB,NA,NA,NA,ppgerb,39498671
HRV,HDZ,1431,Croatian Democratic Union,6108331,HDZ1989,Croatia,2000,9999,35.9,2007,NA,TRUE,TRUE,TRUE,TRUE,HDZ_HR,NA,NA,NA,hdz_hr,1376760751
HRV,SDP,1475,Social Democratic Party of Croatia,406134,sdphrvatske,Croatia,1990,9999,41.1,2011,NA,TRUE,TRUE,TRUE,TRUE,SDPHrvatske,NA,NA,NA,sdphrvatske,74480484
CZE,KDU/CSL,676,Christian Democratic Union / People's Party,1432111,kducsl,Czech Republic,1992,9999,14.3,2002,NA,TRUE,TRUE,TRUE,TRUE,kducsl,NA,NA,NA,kducsl,19093128
CZE,ODS,466,Civic Democratic Party,398263,ods.cz,Czech Republic,1991,9999,35.4,2006,NA,TRUE,TRUE,TRUE,TRUE,ODScz,NA,NA,NA,odscz,56410958
CZE,Pi,2047,Czech Pirate Party,905471,ceska.piratska.strana,Czech Republic,2009,9999,2.7,2013,NA,TRUE,TRUE,TRUE,TRUE,PiratskaStrana,NA,NA,NA,piratskastrana,49022430
CZE,SZ,1554,Green Party,3215963,stranazelenych,Czech Republic,1989,9999,6.3,2006,NA,TRUE,TRUE,TRUE,TRUE,zeleni_cz,NA,NA,NA,zeleni_cz,19093067
CZE,SN-VA,1707,Mayors and Independents -- Your Option,3215946,starostove,Czech Republic,2009,9999,5.2,2017,NA,TRUE,TRUE,TRUE,TRUE,STANcz,NA,NA,NA,stancz,22930997
CZE,SSO,254,Party of Free Citizens,400999,svobodni,Czech Republic,2009,9999,2.5,2013,NA,TRUE,TRUE,TRUE,TRUE,svobodni,NA,NA,NA,svobodni,18907163
CZE,VV,1202,Public Affairs,11959502,veciverejne,Czech Republic,2001,2015,10.9,2010,NA,TRUE,TRUE,TRUE,TRUE,veciverejne,NA,NA,NA,veciverejne,59741891
CZE,TOP09,223,Tradition Responsibility Prosperity 09,414108,top09cz,Czech Republic,2010,9999,16.7,2010,NA,TRUE,TRUE,TRUE,TRUE,TOP09cz,NA,NA,NA,top09cz,46538880
DNK,KrF/KD,53,Christian People's Party / Christian Democrats,2600735,kristendemokraterneDK,Denmark,1970,9999,5.3,1975,NA,TRUE,TRUE,TRUE,TRUE,KDDanmark,NA,NA,NA,kddanmark,609893631
DNK,KF,536,Conservative People's Party,423022,Konservative,Denmark,1915,9999,23.7,1901,NA,TRUE,TRUE,TRUE,TRUE,konservativedk,NA,NA,NA,konservativedk,7089792
DNK,DF,1022,Danish Peoples Party,387712,danskfolkeparti,Denmark,1995,9999,20.6,2015,NA,TRUE,TRUE,TRUE,TRUE,DanskDf1995,NA,NA,NA,danskdf1995,1227448789
DNK,RV,1507,Danish Social-Liberal Party / Radical Liberal Party,409773,radikalevenstre,Denmark,1905,9999,20.7,1918,NA,TRUE,TRUE,TRUE,TRUE,radikale,NA,NA,NA,radikale,14462419
DNK,V,1204,Liberal Party,390574,venstre.dk,Denmark,1870,9999,49.4,1903,NA,TRUE,TRUE,TRUE,TRUE,venstredk,NA,NA,NA,venstredk,123868861
DNK,Fobe,333,People's Movement against the EU,6329004,FolkebevaegelsenModEU,Denmark,1979,9999,20.9,1979,NA,TRUE,TRUE,TRUE,TRUE,Folkebevagelsen,NA,NA,NA,folkebevagelsen,1179241530
DNK,SD,379,Social Democrats,411089,socialdemokratiet,Denmark,1871,9999,46.1,1935,NA,TRUE,TRUE,TRUE,TRUE,Spolitik,NA,NA,NA,spolitik,251034857
DNK,SF,329,Socialist Peoples Party,676324,sfparti,Denmark,1959,9999,14.6,1987,NA,TRUE,TRUE,TRUE,TRUE,SFpolitik,NA,NA,NA,sfpolitik,28079017
DNK,A,4070,The Alternative,676322,alternativet.dk,Denmark,2015,9999,4.7,2015,NA,TRUE,TRUE,TRUE,TRUE,alternativet_,NA,NA,NA,alternativet_,1704527995
EST,EKRE,4094,Conservative People‚Äôs Party,3055399,rahvuspartei,Estonia,2012,9999,8.1,NA,NA,TRUE,TRUE,TRUE,TRUE,rahvaerakond,NA,NA,NA,rahvaerakond,1126018387
EST,EK,533,Estonian Centre Party,457439,eestikeskerakond,Estonia,1995,9999,26.1,2007,NA,TRUE,TRUE,TRUE,TRUE,keskerakondlane,NA,NA,NA,keskerakondlane,200772249
EST,EER,1040,Estonian Greens,4497321,rohelised,Estonia,2006,9999,7.1,2007,NA,TRUE,TRUE,TRUE,TRUE,estoniangreens,NA,NA,NA,estoniangreens,2719624907
EST,SDE-M,1150,Social Democratic Party -- Moderates,460610,sotsdem,Estonia,1992,9999,17.1,2011,NA,TRUE,TRUE,TRUE,TRUE,sotsdem,NA,NA,NA,sotsdem,38227056
EST,IRL,685,Union of Pro Patria and Res Publica,7518118,isamaaerakond,Estonia,2006,9999,20.5,2011,NA,TRUE,TRUE,TRUE,TRUE,Erakond,NA,NA,NA,erakond,26265110
FIN,KESK,901,Agrarian Union / Centre Party,425886,SuomenKeskusta,Finland,1927,9999,27.3,1930,NA,TRUE,TRUE,TRUE,TRUE,keskusta,NA,NA,NA,keskusta,21289183
FIN,KD,703,Christian Democrats / League,639762,kristillisdemokraatit,Finland,1958,9999,5.3,2003,NA,TRUE,TRUE,TRUE,TRUE,KDpuolue,NA,NA,NA,kdpuolue,65134133
FIN,SP/P,1689,Finns Party / True Finns,639776,perussuomalaiset,Finland,1995,9999,19.1,2011,NA,TRUE,TRUE,TRUE,TRUE,persut,NA,NA,NA,persut,393938517
FIN,VIHR,479,Green League,639543,vihreat,Finland,1983,9999,8.5,2015,NA,TRUE,TRUE,TRUE,TRUE,vihreat,NA,NA,NA,vihreat,22007737
FIN,SDP,1303,Social Democratic Party of Finland,639580,sosialidemokraatit,Finland,1899,9999,44.8,1917,NA,TRUE,TRUE,TRUE,TRUE,Demarit,NA,NA,NA,demarit,22262225
FIN,RKP/SFP,1229,Swedish People's Party of Finland,360487,sfprkp,Finland,1927,9999,12.4,1922,NA,TRUE,TRUE,TRUE,TRUE,sfprkp,NA,NA,NA,sfprkp,190362598
FRA,EELV,5650,Europe Ecology - The Greens,640524,eelv.fr,France,2010,9999,5.5,2012,NA,TRUE,TRUE,TRUE,TRUE,EELV,NA,NA,NA,eelv,17710206
FRA,DLF,3207,France Arise,1991663,dlf.officiel,France,2008,9999,1.2,2017,NA,TRUE,TRUE,TRUE,TRUE,DLF_Officiel,NA,NA,NA,dlf_officiel,1435970071
FRA,PCF,1251,French Communist Party,519716,Particommuniste,France,1920,9999,28.6,1946,NA,TRUE,TRUE,TRUE,TRUE,PCF,NA,NA,NA,pcf,96090970
FRA,CNIP,1629,National Centre of Independents and Peasants,12065161,CNIPGrandEst,France,1949,9999,20,1958,NA,TRUE,TRUE,TRUE,TRUE,CNIP_FR,NA,NA,NA,cnip_fr,62752069
FRA,FN / RN,433,National Front / National Rally,390433,RassemblementNational,France,1972,9999,14.9,1997,NA,TRUE,TRUE,TRUE,TRUE,RNational_off,NA,NA,NA,rnational_off,78085410
FRA,UPR,7344,Popular Republican Union,894946,upr.francoisasselineau,France,2007,9999,1.2,2019,NA,TRUE,TRUE,TRUE,TRUE,UPR_Officiel,NA,NA,NA,upr_officiel,1457314789
FRA,PRG,1783,Radical Party of the Left,8616271,PartiRadicalGauche,France,1973,2017,2.2,1978,NA,TRUE,TRUE,TRUE,TRUE,PartiRadicalG,NA,NA,NA,partiradicalg,47459306
FRA,PS,1478,Socialist Party,326608,partisocialiste,France,1969,9999,36,1981,NA,TRUE,TRUE,TRUE,TRUE,partisocialiste,NA,NA,NA,socialistparty,19900973
FRA,LR,8168,The Republicans,374898,les.Republicains.FR,France,2015,9999,22.2,2017,NA,TRUE,TRUE,TRUE,TRUE,lesRepublicains,NA,NA,NA,lesrepublicains,95455794
FRA,LaREM,5857,The Republic Onwards!,951153,EnMarche,France,2016,9999,28.2,2017,NA,TRUE,TRUE,TRUE,TRUE,enmarchefr,NA,NA,NA,enmarchefr,4813171035
FRA,FI,5858,Unbowed France,1904453,lafranceinsoumise,France,2017,9999,11,2017,NA,TRUE,TRUE,TRUE,TRUE,FranceInsoumise,NA,NA,NA,franceinsoumise,4897361049
FRA,UDI,3229,Union of Democrats and Independents,421815,udi,France,2012,9999,3,2017,NA,TRUE,TRUE,TRUE,TRUE,UDI_off,NA,NA,NA,udi_off,819772525
FRA,LO,617,Workers' Struggle,640529,LutteOuvriere1,France,1939,9999,1.7,1978,NA,TRUE,TRUE,TRUE,TRUE,LutteOuvriere,NA,NA,NA,lutteouvriere,311525465
DEU,B90/Gr,1816,Alliance 90 / Greens,339052,B90DieGruenen,Germany,1993,9999,10.7,2009,NA,TRUE,TRUE,TRUE,TRUE,Die_Gruenen,NA,NA,NA,die_gruenen,14553288
DEU,Tier,749,Animal Welfare Party,1559814,Tierschutzpartei,Germany,1993,9999,1.3,2004,NA,TRUE,TRUE,TRUE,TRUE,Tierschutzparte,NA,NA,NA,tierschutzparte,1640269597
DEU,CSU,1731,Christian Social Union,339070,CSU,Germany,1949,9999,10.6,1976,NA,TRUE,TRUE,TRUE,TRUE,CSU,NA,NA,NA,csu,21107582
DEU,FDP,573,Free Democratic Party,6762083,FDP,Germany,1948,9999,14.6,2009,NA,TRUE,TRUE,TRUE,TRUE,fdp,NA,NA,NA,fdp,39475170
DEU,FW,1090,Free Voters,1559750,freie.waehler.bundesvereinigung,Germany,2009,9999,1.7,2009,NA,TRUE,TRUE,TRUE,TRUE,FREIEWAEHLER_BV,NA,NA,NA,freiewaehler_bv,1536245851
DEU,Pirat,1287,German Pirate Party,339089,Piratenpartei,Germany,2009,9999,2.2,2013,NA,TRUE,TRUE,TRUE,TRUE,Piratenpartei,NA,NA,NA,piratenpartei,14341194
DEU,Linke,1545,The Left,339050,linkspartei,Germany,2007,9999,5.1,1998,NA,TRUE,TRUE,TRUE,TRUE,dieLinke,NA,NA,NA,dielinke,44101578
DEU,PARTEI,6126,THE PARTY,519717,DiePARTEI,Germany,2004,9999,1,2017,NA,TRUE,TRUE,TRUE,TRUE,DiePARTEI,NA,NA,NA,diepartei,65607107
GRC,SYRIZA,301,Coalition of the Radical Left,925326,syrizaofficial,Greece,2004,9999,36.3,2015,NA,TRUE,TRUE,TRUE,TRUE,syriza_gr,NA,NA,NA,syriza_gr,39490506
GRC,DIMAR,1160,Democratic Left,11959521,dimokratikiaristera,Greece,2010,9999,6.3,2012,NA,TRUE,TRUE,TRUE,TRUE,dimokratiki,NA,NA,NA,dimokratiki,160449058
GRC,OP,378,Ecologist Greens,7049854,Oikologoi.Prasinoi,Greece,2007,9999,2.9,2012,NA,TRUE,TRUE,TRUE,TRUE,Ecogreens,NA,NA,NA,ecogreens,27052329
GRC,EL,7347,Greek Solution,8375446,ellinikilisi,Greece,2016,9999,3.7,2019,NA,TRUE,TRUE,TRUE,TRUE,ellinikilisi,NA,NA,NA,ellinikilisi,761825909242462200
GRC,ANEL,1651,Independent Greeks,1439616,OfficialAnexartitoiEllines,Greece,2012,9999,10.6,2012,NA,TRUE,TRUE,TRUE,TRUE,anexartitoi,NA,NA,NA,anexartitoi,540281327
GRC,ND,794,New Democracy,385960,neadhmokratia,Greece,1974,9999,54.4,1974,NA,TRUE,TRUE,TRUE,TRUE,neademokratia,NA,NA,NA,neademokratia,36914138
GRC,DX,471,Recreate Greece,12065213,dimiourgiaxana,Greece,2012,9999,2.1,2012,NA,TRUE,TRUE,TRUE,TRUE,DimiourgiaXana,NA,NA,NA,dimiourgiaxana,394750168
GRC,TP,3118,The River,398458,topotami,Greece,2014,9999,6,2015,NA,TRUE,TRUE,TRUE,TRUE,ToPotami,NA,NA,NA,topotami,2356458307
GRC,EK,2510,Union of Centrists,1446549,enosikentroon.vasilisleventis,Greece,1992,9999,1.8,2015,NA,TRUE,TRUE,TRUE,TRUE,antidiaploki,NA,NA,NA,antidiaploki,2808263274
HUN,DK,469,Democratic Coalition,408746,dk365,Hungary,2011,9999,2.8,2014,NA,TRUE,TRUE,TRUE,TRUE,dkoalicio,NA,NA,NA,dkoalicio,400022101
HUN,MM,859,Hungarian Communist Workers' Party,2856705,m.munkaspart,Hungary,1989,9999,4,1998,NA,TRUE,TRUE,TRUE,TRUE,Munkaspart,NA,NA,NA,munkaspart,65747043
HUN,MSZP,1408,Hungarian Socialist Party,388504,mszpfb,Hungary,1989,9999,43.2,2006,NA,TRUE,TRUE,TRUE,TRUE,mszptweet,NA,NA,NA,mszptweet,192521773
HUN,MKKP,6129,Hungarian Two-tailed Dog Party,924382,justanotherwordpresspage,Hungary,2018,2018,3.1,2018,NA,TRUE,TRUE,TRUE,TRUE,ketfarkukutya,NA,NA,NA,ketfarkukutya,43316811
HUN,Jobbik,42,Movement for a Better Hungary,887474,JobbikMagyarorszagertMozgalom,Hungary,2003,9999,20.2,2014,NA,TRUE,TRUE,TRUE,TRUE,JobbikMM,NA,NA,NA,jobbikmm,67693131
HUN,MHM,7349,Our Homeland Movement,6105716,mihazank,Hungary,2018,9999,3.3,2019,NA,TRUE,TRUE,TRUE,TRUE,MiHazank,NA,NA,NA,mihazank,1139407285631930400
ITA,FdI,2280,Brothers of Italy,385815,FdI.paginaufficiale,Italy,2013,9999,2,2012,NA,TRUE,TRUE,TRUE,TRUE,FratellidItalia,NA,NA,NA,fratelliditalia,1024976264
ITA,PD,802,Democratic Party,391247,partitodemocratico,Italy,2007,9999,34,2008,NA,TRUE,TRUE,TRUE,TRUE,pdnetwork,NA,NA,NA,pdnetwork,13294452
ITA,FI,8058,Forward Italy (2013),386665,ForzaItaliaUfficiale,Italy,2013,9999,14,2018,NA,TRUE,TRUE,TRUE,TRUE,forza_italia,NA,NA,NA,forza_italia,147543162
ITA,IBC,8057,Italy. Common Good,7319828,italiaincomune,Italy,2012,2013,29.5,2013,NA,TRUE,TRUE,TRUE,TRUE,ItaliainComune,NA,NA,NA,italiaincomune,3064926892
ITA,#NAME?,6155,More Europe,2738621,piueuropa,Italy,2017,9999,2.8,2018,NA,TRUE,TRUE,TRUE,TRUE,Piu_Europa,NA,NA,NA,piu_europa,930822249707376600
ITA,LN,1221,North League,369755,legasalvinipremier,Italy,1989,9999,10.1,1996,NA,TRUE,TRUE,TRUE,TRUE,LegaSalvini,NA,NA,NA,legasalvini,13514762
ITA,SVP,1369,South Tyrol Peoples Party,2471112,suedtiroler.volkspartei,Italy,1948,9999,0.6,1994,NA,TRUE,TRUE,TRUE,TRUE,SVP_Suedtirol,NA,NA,NA,svp_suedtirol,376226019
LVA,LRa,3194,Latvian Association of Regions,2831387,latvijasregionuapvieniba,Latvia,2014,9999,6.7,2014,NA,TRUE,TRUE,TRUE,TRUE,LRApvieniba,NA,NA,NA,lrapvieniba,2438311347
LVA,LAAT,3213,Latvian Development,474577,Attistibai,Latvia,2013,9999,12.1,2018,NA,TRUE,TRUE,TRUE,TRUE,attistibai,NA,NA,NA,attistibai,981859618396803100
LVA,LSDSP,741,Latvian Social Democratic Workers' Party,2831520,lsdsp,Latvia,1918,9999,12.8,1998,NA,TRUE,TRUE,TRUE,TRUE,lsdsp,NA,NA,NA,lsdsp,23082224
LVA,JKP,6355,New Conservative Party,2831528,konservativie,Latvia,2014,9999,13.7,2018,NA,TRUE,TRUE,TRUE,TRUE,konservativie,NA,NA,NA,konservativie,2377046737
LVA,P,6357,The Progressive,2831681,PROGRESIVIE,Latvia,2017,9999,2.6,2018,NA,TRUE,TRUE,TRUE,TRUE,Progresivie,NA,NA,NA,progresivie,211907189
LVA,V,852,Unity,2831358,JaunaVienotiba.lv,Latvia,2010,9999,31.9,2010,NA,TRUE,TRUE,TRUE,TRUE,Jauna_Vienotiba,NA,NA,NA,jauna_vienotiba,163366515
LVA,KPVLV,6356,Who owns the state?,2831607,KamPiederValsts,Latvia,2016,9999,14.3,2018,NA,TRUE,TRUE,TRUE,TRUE,KamPiederValsts,NA,NA,NA,kampiedervalsts,3087385667
LTU,TS-LKD,193,Homeland Union / Homeland Union ‚Äì Lithuanian Christian Democrats,6503717,tslkd,Lithuania,1993,9999,31.3,1996,NA,TRUE,TRUE,TRUE,TRUE,tslkd,NA,NA,NA,tslkd,268292782
LTU,DP,102,Labour Party,426081,darbopartija,Lithuania,2003,9999,28.4,2004,NA,TRUE,TRUE,TRUE,TRUE,darbopartija,NA,NA,NA,darbopartija,78546768
LUX,ADR,1114,Alternative Democratic Reform Party,519718,AlternativDemokrateschReformpartei,Luxembourg,1987,9999,10.4,1999,NA,TRUE,TRUE,TRUE,TRUE,adr_lu,NA,NA,NA,adr_lu,179706300
LUX,LSAP,186,Luxembourg Socialist Workers' Party,2824879,lsap.lu,Luxembourg,1902,9999,41.5,1948,NA,TRUE,TRUE,TRUE,TRUE,lsap_lu,NA,NA,NA,lsap_lu,138343953
LUX,Pi,2065,Pirate Party Luxembourg,2824896,Piratepartei,Luxembourg,2009,9999,2.9,2013,NA,TRUE,TRUE,TRUE,TRUE,Piratepartei,NA,NA,NA,piratepartei,77286146
LUX,Greng/GAP,1138,The Greens,2824880,deigreng,Luxembourg,1979,9999,11.7,2009,NA,TRUE,TRUE,TRUE,TRUE,deigreng,NA,NA,NA,deigreng,17408229
LUX,DL,271,The Left,2824883,lenk.lu,Luxembourg,1999,9999,4.9,2013,NA,TRUE,TRUE,TRUE,TRUE,dei_lenk,NA,NA,NA,dei_lenk,318478792
MLT,AD,62,Democratic Alternative,3196730,alternattiva,Malta,1992,9999,1.8,2013,x,TRUE,TRUE,TRUE,TRUE,adpd_mt,NA,This party merged with the Democratic party (below) in Oct 2020. The two party's new twitter is now listed here (old twitter deleted). The demokratic party's old twitter is still there. Both FB pages have been deleted and the new one is now @adpdmt,NA,adpd_mt,15749966
MLT,MLP,808,Malta Labour Party,1041925,partitlaburista,Malta,1945,9999,59.9,1947,NA,TRUE,TRUE,TRUE,TRUE,PL_Malta,NA,NA,NA,pl_malta,29418160
MLT,PN,699,Nationalist Party,499156,partitnazzjonalista,Malta,1926,9999,51.8,1998,NA,TRUE,TRUE,TRUE,TRUE,PNmalta,NA,NA,NA,pnmalta,36347825
NLD,CU,1459,ChristianUnion,1552681,ChristenUnie,Netherlands,2000,9999,4,2006,NA,TRUE,TRUE,TRUE,TRUE,christenunie,NA,NA,NA,christenunie,17883318
NLD,FvD,5855,Forum for Democracy,1629327,forumvoordemocratie,Netherlands,2017,9999,1.8,2017,NA,TRUE,TRUE,TRUE,TRUE,fvdemocratie,NA,NA,NA,fvdemocratie,2822530175
NLD,GL,1537,GreenLeft,672212,groenlinks,Netherlands,1989,9999,7.3,1998,NA,TRUE,TRUE,TRUE,TRUE,groenlinks,NA,NA,NA,groenlinks,11836402
NLD,PvdA,1234,Labour,688950,PartijvandeArbeid,Netherlands,1946,9999,33.8,1977,NA,TRUE,TRUE,TRUE,TRUE,PvdA,NA,NA,NA,pvda,7343682
NLD,PvdD,1467,Party for the Animals,891796,PartijvoordeDieren,Netherlands,2002,9999,1.9,2012,NA,TRUE,TRUE,TRUE,TRUE,PartijvdDieren,NA,NA,NA,partijvddieren,20710359
NLD,SGP,1178,Reformed Political Party,12065160,sgpscherpenzeel,Netherlands,1918,9999,2.5,1933,NA,TRUE,TRUE,TRUE,TRUE,SGPScherpenzeel,NA,NA,NA,sgpscherpenzeel,1979408720
NLD,DENK,5856,Think,1553926,DenkNL,Netherlands,2017,9999,2.1,2017,NA,TRUE,TRUE,TRUE,TRUE,DenkNL,NA,NA,NA,denknl,3017869683
NIR,DUP,667,Democratic Unionist Party,106000000000000,democraticunionistparty,Northern Ireland,1971,9999,36,2017,NA,TRUE,TRUE,TRUE,NA,duponline,NA,This is also same as the party listed for UK.,NA,duponline,19977542
NIR,SF,1257,Sinn Fein,406525,sinnfein,Ireland,1970,9999,27.9,2017,NA,TRUE,TRUE,TRUE,NA,sinnfeinireland,NA,This is the same party as row 502 (Partyfacts ID: 963). Partyfacts just has the party listed both for UK and for Northern Ireland.,NA,sinnfeinireland,22628924
NIR,SDLP,266,Social Democratic and Labour Party,112000000000000,SocialDemocraticLabourParty,Northern Ireland,1970,9999,23.7,1975,NA,TRUE,TRUE,TRUE,NA,SDLPlive,NA,This is the same party as row 503 (PartyFacts ID: 762). Party facts just lists the party both for Northern Ireland and for the UK.,NA,sdlplive,21796893
NIR,UUP,1763,Ulster Unionist Party,107467,ulsterunionistparty,UK,1905,9999,77.2,1959,X,TRUE,TRUE,TRUE,TRUE,uuponline,NA,This is the same party as row 504 (partyfacts ID: 1366). Partyfacts just has it listed both for UK and for Northern Ireland under different IDs.,NA,uuponline,21090736
NOR,Sp/Bp,1072,Centre [Agrarian] Party,1823359,senterpartiet,Norway,1920,9999,16.7,1993,NA,TRUE,TRUE,TRUE,TRUE,Senterpartiet,NA,NA,NA,senterpartiet,55496543
NOR,KrF,705,Christian Democratic Party,1823353,kristeligfolkeparti,Norway,1933,9999,13.7,1997,NA,TRUE,TRUE,TRUE,TRUE,KrFNorge,NA,NA,NA,krfnorge,26719548
NOR,H,503,Conservative Party,679737,hoyre,Norway,1884,9999,31.7,1981,NA,TRUE,TRUE,TRUE,TRUE,Hoyre,NA,NA,NA,hoyre,76292859
NOR,MDG,1963,Green Party,358461,miljopartietdegronne,Norway,1988,9999,2.8,2013,NA,TRUE,TRUE,TRUE,TRUE,Partiet,NA,NA,NA,partiet,17650380
NOR,DNA,448,Norwegian Labour Party,875504,Arbeiderpartiet,Norway,1887,9999,48.3,1957,NA,TRUE,TRUE,TRUE,TRUE,Arbeiderpartiet,NA,NA,NA,arbeiderpartiet,16557956
NOR,FrP,101,Progress Party,859497,fremskrittspartiet,Norway,1973,9999,22.9,2009,NA,TRUE,TRUE,TRUE,TRUE,frp_no,NA,NA,NA,frp_no,189051125
NOR,DT,3698,Red Party,1823474,Roedt,Norway,2007,9999,1.4,2009,NA,TRUE,TRUE,TRUE,TRUE,Raudt,NA,NA,NA,raudt,17685876
NOR,SV,719,Socialist Left Party,1823378,SVparti,Norway,1975,9999,12.5,2001,NA,TRUE,TRUE,TRUE,TRUE,SVparti,NA,NA,NA,svparti,18716146
POL,PO,1117,Civic Platform,392144,PlatformaObywatelska,Poland,2001,9999,41.5,2007,NA,TRUE,TRUE,TRUE,TRUE,Platforma_org,NA,NA,NA,platforma_org,53003895
POL,K,4631,Kukiz'15,869218,KUKIZ15,Poland,2015,9999,8.8,2015,NA,TRUE,TRUE,TRUE,TRUE,KUKIZ15,NA,NA,NA,kukiz15,3387848577
POL,PiS,1565,Law and Justice,390901,pisorgpl,Poland,2001,9999,32.1,2007,NA,TRUE,TRUE,TRUE,TRUE,pisorgpl,NA,NA,NA,pisorgpl,15877628
POL,N,4630,Modern,410426,Nowoczesna.oficjalnie,Poland,2015,9999,7.6,2015,NA,TRUE,TRUE,TRUE,TRUE,Nowoczesna,NA,NA,NA,nowoczesna,3192062206
POL,RN,3224,National Movement,4719050,RuchNarodowy,Poland,2012,9999,1.4,2014,NA,TRUE,TRUE,TRUE,TRUE,RuchNarodowy,NA,NA,NA,ruchnarodowy,1127590182
POL,RP / TR,731,Palikot's Movement / Your Movement,874971,TwojRuchpl,Poland,2011,9999,10,2011,NA,TRUE,TRUE,TRUE,TRUE,TwojRuch_,NA,NA,NA,twojruch_,1939869229
POL,PSL,602,Polish People's (Peasants') Party,427544,nowePSL,Poland,1991,9999,15.4,1993,NA,TRUE,TRUE,TRUE,TRUE,nowePSL,NA,NA,NA,nowepsl,2426963910
POL,Spr,7356,Spring,6378306,wiosnabiedronia,Poland,2019,9999,6.1,2019,NA,TRUE,TRUE,TRUE,TRUE,wiosnabiedronia,NA,NA,NA,wiosnabiedronia,1086956832948662300
POL,SP,328,United Poland,2840605,solidarnapl,Poland,2012,9999,4,2014,NA,TRUE,TRUE,TRUE,TRUE,SolidarnaPL,NA,NA,NA,solidarnapl,410065049
PRT,A,7357,Alliance,7335395,partidoalianca,Portugal,2018,9999,2,2019,NA,TRUE,TRUE,TRUE,TRUE,Partido_Alianca,NA,NA,NA,partido_alianca,1057698986109362200
PRT,PEV,886,Ecology Party -- Greens,3390251,PartidoEcologistaOsVerdes,Portugal,1982,9999,1.2,2002,NA,TRUE,TRUE,TRUE,TRUE,OsVerdes,NA,NA,NA,osverdes,20978436
PRT,BE,1310,Left Bloc,3733779,esquerda.net,Portugal,1999,9999,10.1,2009,NA,TRUE,TRUE,TRUE,TRUE,EsquerdaNet,NA,NA,NA,esquerdanet,14333754
PRT,L,3225,Livre,8103269,LIVREoficialpt,Portugal,2014,9999,2.4,2014,NA,TRUE,TRUE,TRUE,TRUE,LIVREpt,NA,NA,NA,livrept,2197487762
PRT,PAN,97,Party for Animals and Nature,869952,PANpartido,Portugal,2009,9999,1.1,2011,NA,TRUE,TRUE,TRUE,TRUE,Partido_PAN,NA,NA,NA,partido_pan,51714305
PRT,PPD/PSD,1359,Popular Democratic Party / Social Democratic Party,381428,ppdpsd,Portugal,1975,9999,51.6,1991,NA,TRUE,TRUE,TRUE,TRUE,ppdpsd,NA,NA,NA,ppdpsd,20560841
PRT,PCP,310,Portuguese Communist Party,3390250,pcp.pt,Portugal,1975,9999,15.1,1976,NA,TRUE,TRUE,TRUE,TRUE,pcp_pt,NA,NA,NA,pcp_pt,36392123
PRT,PS,655,Socialist Party,3390247,SedeNacionalPartidoSocialista,Portugal,1975,9999,46.4,2005,NA,TRUE,TRUE,TRUE,TRUE,psocialista,NA,NA,NA,psocialista,70349639
PRT,CDU,284,Unitary Democratic Coalition,7335441,CDUPCPPEV,Portugal,1987,9999,12.4,1987,NA,TRUE,TRUE,TRUE,TRUE,CDUPCPPEV,NA,NA,NA,cdupcppev,3087068219
ROU,ALDE,5662,Alliance of Liberals and Democrats,2630089,ALDERomania,Romania,2015,9999,5.6,2016,NA,TRUE,TRUE,TRUE,TRUE,alde_romania,NA,NA,NA,alde_romania,4441430115
ROU,UDMR/RMDS,1105,Democratic Union of Hungarians in Romania / Democratic Alliance of Hungarians in Romania,12065180,RMDSZ,Romania,1989,9999,7.5,1992,NA,TRUE,TRUE,TRUE,TRUE,RMDSZ_UDMR,NA,NA,NA,rmdsz_udmr,293572225
ROU,PRM,1305,Greater Romania Party,11542122,PRM.la.guvernare,Romania,1991,9999,19.5,2000,NA,TRUE,TRUE,TRUE,TRUE,RomaniaMare2012,NA,NA,NA,romaniamare2012,386341717
ROU,PNL,481,National Liberal Party,389948,pnl.ro,Romania,1875,9999,31.3,2004,NA,TRUE,TRUE,TRUE,TRUE,PnlRomania,NA,NA,NA,pnlromania,719824368608669700
ROU,PMP,3210,People's Movement Party,6318227,PartidulMiscareaPopulara.RO,Romania,2014,9999,5.3,2016,NA,TRUE,TRUE,TRUE,TRUE,pmp_ro,NA,This looks like their official account but it only has one tweet and very few followers,NA,pmp_ro,70848574794752e4
ROU,USR,5969,Save Romania Union,106e13,USRNational,Romania,2015,9999,8.9,2016,NA,TRUE,TRUE,TRUE,TRUE,usr_romania,NA,NA,NA,usr_romania,788473121208733700
SVK,KDH,63,Christian Democratic Movement,697869,krestanskidemokrati,Slovakia,1990,9999,19.2,1990,X,TRUE,TRUE,TRUE,TRUE,KDHsk,NA,NA,NA,kdhsk,217757724
SVK,SaS,1386,Freedom and Solidarity,390546,stranasas,Slovakia,2009,9999,12.1,2010,NA,TRUE,TRUE,TRUE,TRUE,stranasas,NA,NA,NA,stranasas,29401760
SVK,PaS,3208,Law and Justice,157000000000,NA,Poland,2014,9999,1.7,2014,X,TRUE,TRUE,TRUE,TRUE,pisorgpl,NA,"This seems to be a Polish party, actually.",NA,pisorgpl,15877628
SVK,MH,258,Most-Hid,2168423,MostHid,Slovakia,2009,9999,8.1,2010,NA,TRUE,TRUE,TRUE,TRUE,MostHid2014,NA,NA,NA,mosthid2014,2281924436
SVK,PS,7361,Progressive Slovakia,5258549,ProgresivneSlovensko,Slovakia,2017,9999,20.1,2019,NA,TRUE,TRUE,TRUE,TRUE,progresivne_sk,NA,NA,NA,progresivne_sk,795584096349159400
SVK,SNS,730,Slovak National Party,2166002,stranasns,Slovakia,1990,9999,13.9,1990,NA,TRUE,TRUE,TRUE,TRUE,stranasns,NA,"I found this twitter handle: @stranasns but it doesn't seem to be official and has very few followers and posts, so I'm not sure.",NA,stranasns,398950889
SVK,Spolu,8177,Together ‚Äì Civic Democracy,5258546,stranaspolu,Slovakia,2018,9999,14,2019,NA,TRUE,TRUE,TRUE,TRUE,StranaSPOLU,NA,NA,NA,stranaspolu,1038126107508334600
SVN,ZaAB / SAB,3114,Alliance of Alenka Bratusek / Party of Alenka Bratu≈°ek,3249604,StrankaSAB,Slovenia,2014,9999,4.4,2014,NA,TRUE,TRUE,TRUE,TRUE,StrankaSAB,NA,NA,NA,strankasab,2576790361
SVN,DL,98,Civic List,9985645,drzavljanska.lista,Slovenia,2011,9999,8.4,2011,NA,TRUE,TRUE,TRUE,TRUE,strankaDL,NA,NA,NA,strankadl,958440037
SVN,Pose,7363,Connect,7263686,povezimo.se,Slovenia,2019,9999,1.7,2019,NA,TRUE,TRUE,TRUE,TRUE,povezimo_se,NA,NA,NA,povezimo_se,1096384848606957600
SVN,DeSUS,467,Democratic Party of Retired People of Slovenia,2994729,StrankaDeSUS,Slovenia,1991,9999,10.2,2014,NA,TRUE,TRUE,TRUE,TRUE,stranka_DeSUS,NA,NA,NA,stranka_desus,1068076059483140100
SVN,LMS,6132,List of Marjan Sarec,3249583,strankalms,Slovenia,2014,9999,12.6,2018,NA,TRUE,TRUE,TRUE,TRUE,StrankaLMS,NA,NA,NA,strankalms,959102125069537300
SVN,NSi,1618,New Slovenia -- Christian People's Party,1118010,novaslovenija,Slovenia,2000,9999,4.9,2011,NA,TRUE,TRUE,TRUE,TRUE,NovaSlovenija,NA,NA,NA,novaslovenija,138355318
SVN,DOM,7362,Patriotic League,7179648,domovinskaliga,Slovenia,2019,9999,1.7,2019,NA,TRUE,TRUE,TRUE,TRUE,DomovinskaLiga,NA,NA,NA,domovinskaliga,1093477205659795500
SVN,SDS,472,Slovenian Democratic Party,1336607,slovenska.demokratska.stranka,Slovenia,1989,9999,29.3,2008,NA,TRUE,TRUE,TRUE,TRUE,strankaSDS,NA,NA,NA,strankasds,21878991
SVN,SNS,96,Slovenian National Party,5530278,StrankaSNS,Slovenia,1992,9999,10,1992,NA,TRUE,TRUE,TRUE,TRUE,SnsStranka,NA,NA,NA,snsstranka,1046734527039778800
SVN,SLS,764,Slovenian People's Party,2994737,strankaSLS,Slovenia,1990,9999,19.4,1996,NA,TRUE,TRUE,TRUE,TRUE,strankaSLS,NA,NA,NA,strankasls,135589298
SVN,PSS,3099,Slovenian Pirate Party,3249599,Piratska.Stranka.Slovenije,Slovenia,2012,9999,1.3,2014,NA,TRUE,TRUE,TRUE,TRUE,piratskastranka,NA,NA,NA,piratskastranka,259924796
SVN,SD/ZLSD,1403,Social Democrats / United List of Social Democrats,2994739,socialnidemokrati.si,Slovenia,1993,9999,30.4,2008,NA,TRUE,TRUE,TRUE,TRUE,strankaSD,NA,NA,NA,strankasd,398672330
SVN,S,3220,Solidarity,3300279,solidarnost.si,Slovenia,2013,9999,1.7,2014,NA,TRUE,TRUE,TRUE,TRUE,Solidarnost_si,NA,NA,NA,solidarnost_si,1313854628
SVN,L,6131,The Left,3250119,zdruzenalevica,Slovenia,2018,2018,9.3,2018,NA,TRUE,TRUE,TRUE,TRUE,strankalevica,NA,NA,NA,strankalevica,2577007622
SVN,SMS,1401,Youth Party of Slovenia,NA,strankamladih.zelenievrope,Slovenia,2000,9999,4.3,2000,NA,TRUE,TRUE,TRUE,TRUE,SMS_ZELENI,NA,NA,NA,sms_zeleni,42636009
SVN,LZJPS,1773,Zoran Jankoviƒá's List ‚Äì Positive Slovenia,2994742,PozitivnaSlovenija,Slovenia,2011,9999,28.5,2011,X,TRUE,TRUE,TRUE,TRUE,PozitivnaSlo,NA,NA,NA,pozitivnaslo,834399206
ESP,EHBildu,5668,Basque Country Unite,472569,ehbildu,Spain,2011,9999,0.9,2015,NA,TRUE,TRUE,TRUE,TRUE,ehbildu,NA,NA,NA,ehbildu,601887686
ESP,CC,81,Canary Coalition,303485,coalicion.canaria,Spain,1993,9999,1.1,2000,X,TRUE,TRUE,TRUE,TRUE,coalicion,NA,Coalition,NA,coalicion,89543500
ESP,C's,3217,Citizens -- Party of the Citizenry,303479,Cs.Ciudadanos,Spain,2005,9999,13.9,2015,NA,TRUE,TRUE,TRUE,TRUE,CiudadanosCs,NA,NA,NA,ciudadanoscs,19028805
ESP,AP/PP,441,People's Alliance-Party / People's Party,303480,pp,Spain,1976,9999,45.2,2000,NA,TRUE,TRUE,TRUE,TRUE,populares,NA,NA,NA,populares,20509689
ESP,ERC,848,Republican Left of Catalonia,303493,Esquerra.ERC,Spain,1931,9999,2.6,2004,NA,TRUE,TRUE,TRUE,TRUE,Esquerra_ERC,NA,NA,NA,esquerra_erc,84053338
ESP,PSOE,1338,Spanish Socialist Workers Party,303495,psoe,Spain,1879,9999,48.3,1982,NA,TRUE,TRUE,TRUE,TRUE,PSOE,NA,NA,NA,psoe,50982086
ESP,JxCat,7421,Together for Catalonia,6862470,JxCatalunya,Spain,2018,9999,1.9,2019,NA,TRUE,TRUE,TRUE,TRUE,JuntsXCat,NA,NA,NA,juntsxcat,748256028786032600
ESP,UPyD,55,"Union, Progress and Democracy",303496,Union.Progreso.y.Democracia,Spain,2008,9999,4.8,2011,NA,TRUE,TRUE,TRUE,TRUE,UPYD,NA,NA,NA,upyd,146150851
ESP,PODEMOS,3203,We Can,303501,ahorapodemos,Spain,2014,9999,20.7,2015,NA,TRUE,TRUE,TRUE,TRUE,PODEMOS,NA,NA,NA,podemos,2288138575
SWE,KD,651,Christian Democrats,358444,Kristdemokraterna,Sweden,1964,9999,11.8,1998,NA,TRUE,TRUE,TRUE,TRUE,kdriks,NA,NA,NA,kdriks,19014898
SWE,B/C,199,Farmers' League / Centre Party,361418,centerpartiet,Sweden,1913,9999,25.1,1973,NA,TRUE,TRUE,TRUE,TRUE,Centerpartiet,NA,NA,NA,centerpartiet,3796501
SWE,Fi,1240,Feminist Initiative,136538,feministisktinitiativ,Sweden,2009,9999,3.1,2014,NA,TRUE,TRUE,TRUE,TRUE,Feministerna,NA,NA,NA,feministerna,23077161
SWE,AV / H / HP / M,690,General Electoral League / The Right / Right Wing Party / Moderate Party,352146,moderaterna,Sweden,1904,9999,30,2010,NA,TRUE,TRUE,TRUE,TRUE,moderaterna,NA,NA,NA,moderaterna,19226961
SWE,MP,456,Greens,129214,miljopartiet,Sweden,1981,9999,7.3,2010,NA,TRUE,TRUE,TRUE,TRUE,miljopartiet,NA,NA,NA,miljopartiet,18124359
SWE,V,830,Left Party / Communist Party,129213,vansterpartiet,Sweden,1917,9999,12,1998,NA,TRUE,TRUE,TRUE,TRUE,vansterpartiet,NA,NA,NA,vansterpartiet,17233550
SWE,Fpl / L,1274,Liberal People's Party / The Liberals,361421,liberalernas,Sweden,1934,9999,40.2,1911,NA,TRUE,TRUE,TRUE,TRUE,liberalerna,NA,NA,NA,liberalerna,18687011
SWE,PP,1485,Pirate Party,1625907,piratpartiet,Sweden,2009,9999,0.6,2010,NA,TRUE,TRUE,TRUE,TRUE,piratpartiet,NA,NA,NA,piratpartiet,18448607
SWE,S,487,Social Democrats / Social Democratic Workers' Party of Sweden,129212,socialdemokraterna,Sweden,1889,9999,53.8,1940,NA,TRUE,TRUE,TRUE,TRUE,socialdemokrat,NA,NA,NA,socialdemokrat,3801501
SWE,SD,409,Sweden Democrats,352025,sverigedemokraterna,Sweden,1988,9999,12.9,2014,NA,TRUE,TRUE,TRUE,TRUE,sdriks,NA,NA,NA,sdriks,97878686
CHE,Grue,1006,Green Party,472149,gruenech,Switzerland,1979,9999,9.6,2007,NA,TRUE,TRUE,TRUE,TRUE,GrueneCH,NA,NA,NA,gruenech,240161502
CHE,EVP,1123,Protestant Peoples Party,477247,evppev,Switzerland,1919,9999,2.4,2007,NA,TRUE,TRUE,TRUE,TRUE,evppev,NA,NA,NA,evppev,50961230
CHE,SP,29,Social Democratic Party of Switzerland,428485,spschweiz,Switzerland,1919,9999,30.8,1917,NA,TRUE,TRUE,TRUE,TRUE,spschweiz,NA,NA,NA,spschweiz,40681558
CHE,SVP,308,Swiss People's Party,428671,SVPch,Switzerland,1971,9999,28.9,2007,NA,TRUE,TRUE,TRUE,TRUE,SVPch,NA,NA,NA,svpch,168790724
CHE,LdT,1661,Ticino League,516764,LegadeiTicinesi,Switzerland,1991,9999,1.4,1991,NA,TRUE,TRUE,TRUE,TRUE,LEGAdeiTicinesi,NA,NA,NA,legadeiticinesi,938786736
GBR,Con,1567,Conservatives,136416,conservatives,UK,1834,9999,55,1931,NA,TRUE,TRUE,TRUE,TRUE,Conservatives,NA,NA,NA,conservatives,14281853
GBR,DUP,335,Democratic Unionist Party,348421,democraticunionistparty,UK,1974,9999,0.9,2005,X,TRUE,TRUE,TRUE,TRUE,duponline,NA,NA,NA,duponline,19977542
GBR,GP,1794,Green Party of England and Wales,137454,thegreenparty,UK,1990,9999,3.8,2015,NA,TRUE,TRUE,TRUE,TRUE,TheGreenParty,NA,NA,NA,thegreenparty,15529670
GBR,Lab,1516,Labour,16965,labourparty,UK,1900,9999,48.8,1951,NA,TRUE,TRUE,TRUE,TRUE,UKLabour,NA,NA,NA,uklabour,14291684
GBR,LD,1388,Liberal Democrats,41669,libdems,UK,1988,9999,23,2010,NA,TRUE,TRUE,TRUE,TRUE,LibDems,NA,NA,NA,libdems,5680622
GBR,Plaid,1002,Plaid Cymru ‚Äì the Party of Wales,426510,PlaidCymruWales,UK,1925,9999,0.7,2001,X,TRUE,TRUE,TRUE,TRUE,Plaid_Cymru,NA,NA,NA,plaid_cymru,14411725
GBR,SNP,986,Scottish National Party,138795,theSNP,UK,1934,9999,4.7,2015,NA,TRUE,TRUE,TRUE,TRUE,theSNP,NA,NA,NA,thesnp,77821953
GBR,SF,963,Sinn Fein,149000000000000,sinnfein,UK,1905,9999,4.6,1918,NA,TRUE,TRUE,TRUE,TRUE,sinnfeinireland,NA,NA,NA,sinnfeinireland,22628924
GBR,SDLP,762,Social Democratic and Labour Party,348422,SocialDemocraticLabourParty,UK,1974,9999,0.6,1997,NA,TRUE,TRUE,TRUE,TRUE,SDLPlive,NA,NA,NA,sdlplive,21796893
GBR,UUP,1366,Ulster Unionist Party,108000000000,ulsterunionistparty,UK,1905,9999,0.8,1983,NA,TRUE,TRUE,TRUE,TRUE,uuponline,NA,NA,NA,uuponline,21090736
GBR,UKIP,601,United Kingdom Independence Party,136425,UKIP,UK,1993,9999,12.7,2015,NA,TRUE,TRUE,TRUE,TRUE,UKIP,NA,NA,NA,ukip,358204197
BEL,PVDA PTB,1753,Workers' Party of Belgium,350393,ptbbelgique,Belgium,NA,NA,NA,NA,x,TRUE,TRUE,TRUE,TRUE,ptbbelgique,NA,"I think this is the same party as row 34, but this is the FB page in French and the one listed on 34 is their FB page in Dutch.",NA,ptbbelgique,85941439
HRV,GLAS,8178,Civic Liberal Alliance,NA,glas.cla,Croatia,2017,9999,2.6,NA,x,FALSE,TRUE,TRUE,TRUE,strankaglas,This is the handle listed on their offical website but Twitter says the account doesn't exist.  Nothing else came up in searches,NA,NA,strankaglas,1052873466502926300
HRV,Hrast,3138,Croatian Growth,NA,hrast.hr,Croatia,2011,9999,2.5,2013,NA,FALSE,TRUE,TRUE,TRUE,Stranka_Hrast,NA,NA,NA,stranka_hrast,1084550853942538200
FRA,PG,8359,Left Party,NA,partidegauche.national,France,2009,9999,6.6,2014,NA,FALSE,TRUE,TRUE,TRUE,LePG,NA,NA,NA,lepg,35022597
FRA,MF,364,Movement for France,NA,pourlafrance.fr,France,1994,9999,1.2,2007,x,FALSE,TRUE,TRUE,TRUE,le_pcd,"Party dissolved in 2018, Twitter page is private",NA,NA,le_pcd,1308504283168608300
ITA,PaP,8247,Power to the People,NA,poterealpopolo.org,Italy,2017,9999,1.1,2018,NA,FALSE,TRUE,TRUE,TRUE,potere_alpopolo,NA,NA,NA,potere_alpopolo,93628472779486e4
POL,UPR,283,Real Politics Union,171000000000000,uniapolitykirealnej,Poland,1991,2011,3.2,1993,NA,TRUE,TRUE,TRUE,TRUE,UPR_org,NA,NA,NA,upr_org,2459816404
ROU,PV,7033,Green Party,114000000000000,partidul.verde,Romania,2005,9999,0.9,2012,NA,TRUE,TRUE,TRUE,TRUE,verzii,NA,NA,NA,verzii,74506083
ESP,PDeCAT,6027,Catalan European Democratic Party,155000000000,pdemocratacat,Spain,2016,9999,2.2,2016,NA,TRUE,TRUE,TRUE,TRUE,Pdemocratacat,NA,NA,NA,pdemocratacat,10242562
ESP,CC,5623,Commitment Coalition,194000000000000,coaliciocompromis,Spain,2010,9999,2.7,2015,X,TRUE,TRUE,TRUE,TRUE,compromis,NA,"Is a coalition, but remains active and prominent.",NA,compromis,148867925
ESP,PCPE,8185,Communist Party of the Peoples of Spain,222000000000000,pcpe.web,Spain,1984,9999,4.6,1986,NA,TRUE,TRUE,TRUE,TRUE,webpcpe,NA,NA,NA,webpcpe,NA
ESP,UPN,722,Navarrese Peoples Union,107000000000,uniondelpueblonavarro,Spain,1979,9999,0.6,2004,NA,TRUE,TRUE,TRUE,TRUE,upn_navarra,NA,NA,NA,upn_navarra,196693430
ESP,PSOE-A,6632,Spanish Socialist Workers' Party of Andalusia,192000000000,psoe.andalucia,Spain,1977,9999,9.9,1982,NA,TRUE,TRUE,TRUE,TRUE,psoedeandalucia,NA,I don't really know why this party is listed because this just seems to be a regional branch of PSOE (above),NA,psoedeandalucia,18097083
ESP,EU,449,United Extremadura,194000000000000,extremaduraunida,Spain,1980,9999,1.4,2011,NA,TRUE,TRUE,TRUE,TRUE,exunida,NA,NA,NA,exunida,2150699688
GBR,CoPA,4885,Co-operative Party,7569385657,coopparty,UK,1917,9999,3.8,2015,NA,TRUE,TRUE,TRUE,TRUE,CoopParty,NA,NA,NA,coopparty,20686582
GBR,GP-NI,8240,Green Party in Northern Ireland,642000000000000,greenparty,UK,1983,9999,1,2015,NA,TRUE,TRUE,TRUE,TRUE,GreenPartyNI,NA,NA,NA,greenpartyni,16629431
GBR,IN,2050,Irish Nationalist [Northern Ireland],NA,anpairtinaisiunta,UK,1945,9999,12.8,1885,X,TRUE,TRUE,TRUE,TRUE,NationalPartyIE,NA,"I *think* this is the National Party of Ireland https://nationalparty.ie/. It doesn't seem like any ""Irish Nationalist"" party exists under that name, which makes sense since the share_year is 1885, so the party must've changed since then.... but I'm unsure about this one. Seems like an interesting right-wing party to include though.",NA,nationalpartyie,795737664049807400
GBR,SGP,6687,Scottish Green Party,17999726169,scottishgreens,UK,1990,9999,8.1,2014,NA,TRUE,TRUE,TRUE,TRUE,scotgp,NA,NA,NA,scotgp,1359138887919140900
DEU,NPD,1723,National Democratic Party,339073,npd.de,Germany,1964,9999,4.3,1969,NA,TRUE,TRUE,TRUE,TRUE,npdde,Twitter says this account ahs been suspended,NA,NA,npdde,NA
HRV,HKDS,5458,Croatian Christian Democratic Party,NA,demokrscanihds,Croatia,2009,9999,3,1992,NA,FALSE,TRUE,TRUE,TRUE,HdsHrvatska,Link on their offical website just takes you back to Twitter but I found this when searching!,NA,NA,hdshrvatska,994872038685925400
EST,ERL,110,People's Union of Estonia,NA,eestimaa.rahvaliit.3,Estonia,2000,2012,13,2003,x,FALSE,TRUE,TRUE,TRUE,rahvaliitlane,"From Wiki -  on 24 March 2012, the party merged with the Estonian Patriotic Movement into the Conservative People's Party of Estonia, so it's no longer a party.",NA,NA,rahvaliitlane,229205652
DEU,CDU/CSU,211,Christian Democratic Union / Christian Social Union,NA,cducsubundestagsfraktion,Germany,1949,9999,50.2,1957,NA,FALSE,TRUE,TRUE,TRUE,cducsubt,NA,NA,NA,cducsubt,46085533
HUN,PM,3115,Dialogue for Hungary,NA,parbeszedmagyarorszagert,Hungary,2013,9999,7.2,2014,NA,FALSE,TRUE,TRUE,TRUE,parbeszedPM,This is the handle listed on their offical website but Twitter says the account doesn't exist.  Nothing else came up in searches,NA,NA,parbeszedpm,NA
IRL,AAA / S,8242,Anti-Austerity Alliance / Solidarity,NA,solidarityie,Ireland,2014,9999,2,2016,NA,FALSE,TRUE,TRUE,TRUE,solidarityie,NA,NA,NA,solidarityie,1910508002
ITA,Art.1,8361,Article One,NA,Articolo1Modempro,Italy,2017,9999,1.3,2018,NA,FALSE,TRUE,TRUE,TRUE,articoloUnoMDP,NA,NA,NA,articolounomdp,3295067231
ITA,CPI,8244,CasaPound Italy,NA,casapounditalia,Italy,2003,9999,1,2018,x,FALSE,TRUE,TRUE,TRUE,CasaPoundItalia,"I found a FB handle from the offical website but it's dead - I linked it here in case it comes back up or something? This handle is linked all over their website, which is active, so I'm not sure what's going on there...",NA,"I actually collected some of these data using the old API, same with the BNP in the UK, so I can try to recover this",casapounditalia,NA
ITA,FiD,2279,Stop the Decline,NA,fermareildeclino,Italy,2013,2015,1.1,2013,x,FALSE,TRUE,TRUE,TRUE,FermareDeclino,"This party disbanded around 2014 - Their Twitter redirects you to Basta Parole! , so maybe that's the new party?",NA,NA,fermaredeclino,1065927438
ITA,IEI,7671,Together,NA,insieme2018,Italy,2017,2018,0.6,2018,x,FALSE,TRUE,TRUE,TRUE,insieme2018,According to Wiki this is a progressive coalitiomn of parties,NA,NA,insieme2018,941240370159083500
AUT,NA,-99999999,NA,12065196,EuropaAnders,Austria,NA,NA,NA,NA,x,FALSE,TRUE,TRUE,TRUE,EuropaAnders,NA,"This appears to be a coalition between The KPÖ, the Pirate Party, Der Wandel (“The Change”) and non-partisan independents in Austria, which might be why it isn't on PartyFacts. Not sure we want to include this in the analysis?",NA,europaanders,2265964188
HRV,NA,-99999999,NA,12065175,mozemo.hr,Croatia,NA,NA,NA,NA,x,FALSE,TRUE,TRUE,TRUE,mozemoHR,NA,This is a green-left coalition for the EU parliament https://en.wikipedia.org/wiki/We_can!_(Croatia). Not sure if we want to use this. Not on PartyFacts,NA,mozemohr,1087341835373199400
HRV,NA,-99999999,NA,12065179,novaljevica.hr,Croatia,NA,NA,NA,NA,x,FALSE,TRUE,TRUE,TRUE,NLjevica,NA,https://en.wikipedia.org/wiki/New_Left_(Croatia) not sure why this isn't on PartyFacts...,NA,nljevica,1288100439498600400
HRV,NA,-99999999,NA,12065157,hrsuverenisti,Croatia,NA,NA,NA,NA,x,FALSE,TRUE,TRUE,TRUE,suverenisti,NA,"This seems to be a coalition, too https://hr.wikipedia.org/wiki/Hrvatski_suverenisti_(koalicija)",NA,suverenisti,1105076343090409500
CZE,NA,-99999999,NA,2181005,narodnidemokracie,Czech Republic,NA,NA,NA,NA,x,FALSE,TRUE,TRUE,TRUE,NarDemokracie,NA,"This appears to be a legitimate, euro-sceptical party in the Czech Republic https://en.wikipedia.org/wiki/National_Democracy_(Czech_Republic), so I'm not sure why it's not on PartyFacts...",NA,nardemokracie,908437276740456400
FRA,NA,-99999999,NA,6150681,resistonsfrance,France,NA,NA,NA,NA,x,FALSE,TRUE,TRUE,TRUE,ResistonsFrance,NA,This just appears to be the slogan of a 2017 presidential candidate in france https://en.wikipedia.org/wiki/Jean_Lassalle. The page is basically his campaign page.,NA,resistonsfrance,785082087237886e3
FRA,NA,-99999999,NA,1524072,solidariteetprogres,France,NA,NA,NA,NA,x,FALSE,TRUE,TRUE,TRUE,SetP_officiel,NA,"Not sure why this isn't on PartyFacts, appears to be a legitimate party: https://fr.wikipedia.org/wiki/Solidarit%C3%A9_et_progr%C3%A8s",NA,setp_officiel,606292118
GRC,NA,-99999999,NA,7714779,plefsieleftherias,Greece,NA,NA,NA,NA,x,FALSE,TRUE,TRUE,TRUE,pl_eleftherias,NA,Party founded in 2016: https://en.wikipedia.org/wiki/Course_of_Freedom. Not sure why it's not on PartyFacts,NA,pl_eleftherias,720633106521264100
GRC,NA,-99999999,NA,12065182,PiratePartyGR,Greece,NA,NA,NA,NA,x,FALSE,TRUE,TRUE,TRUE,PiratepartyGR,NA,Seems like a legitimate party https://en.wikipedia.org/wiki/Pirate_Party_of_Greece but haven't received >1% of the vote ever so maybe that's why PartyFacts doesn't have it.,NA,piratepartygr,406531614
GRC,NA,-99999999,NA,7317493,metopo,Greece,NA,NA,NA,NA,x,FALSE,TRUE,TRUE,TRUE,epamhellas,NA,"A legitimate party, was part of the coalition of ""NO"" with the Democratic Revival https://en.wikipedia.org/wiki/United_Popular_Front",NA,epamhellas,617386550
GRC,NA,-99999999,NA,7317456,koinwnia,Greece,NA,NA,NA,NA,x,FALSE,TRUE,TRUE,TRUE,koinwnia,NA,A legitimate party https://en.wikipedia.org/wiki/Society_%E2%80%93_Political_Party_of_the_Successors_of_Kapodistrias but maybe too small for PartyFacts to list it?,NA,koinwnia,135407789
BEL,Pp,639,People's Party,1525798,partipopulaireofficiel,Belgium,2010,9999,1.5,2014,NA,TRUE,TRUE,TRUE,TRUE,PartiPopulaire,Party very recently dissolved,NA,NA,partipopulaire,90576797
FRA,NPA,6684,New Anticapitalist Party,640530,npa2009,France,2009,9999,4.9,2009,NA,TRUE,TRUE,TRUE,TRUE,NPA_officiel,NA,NA,NA,npa_officiel,2273166283
DEU,AfD,1976,Alternative for Germany,339088,alternativefuerde,Germany,2013,9999,12.6,2017,NA,TRUE,TRUE,TRUE,TRUE,AfD,NA,NA,NA,afd,844081278
GRC,KINAL,7909,Movement for Change,7658259,kinimallagis,Greece,2017,9999,8.1,2019,NA,TRUE,TRUE,TRUE,TRUE,kinimallagis,NA,NA,NA,kinimallagis,NA
IRL,DDI,3209,Direct Democracy Ireland,342782,directdemocracyireland,Ireland,2010,9999,1.4,2014,NA,TRUE,TRUE,TRUE,TRUE,ddi,NA,NA,NA,ddi,619318353
IRL,FF,1055,Fianna Fail ‚Äì The Republican Party,428421,fiannafail,Ireland,1926,9999,51.9,1938,NA,TRUE,TRUE,TRUE,TRUE,fiannafailparty,NA,NA,NA,fiannafailparty,19594736
IRL,FG,1288,Fine Gael (Familiy of the Irish),423894,FineGael,Ireland,1944,9999,39.2,1982,NA,TRUE,TRUE,TRUE,TRUE,FineGael,NA,NA,NA,finegael,19530527
IRL,Greens,1775,Green Party,675436,GreenPartyIreland,Ireland,1989,9999,4.7,2007,NA,TRUE,TRUE,TRUE,TRUE,greenparty_ie,NA,NA,NA,greenparty_ie,19652551
IRL,Lab,562,Labour Party,553866,thelabourparty,Ireland,1912,9999,21.3,1922,NA,TRUE,TRUE,TRUE,TRUE,labour,NA,NA,NA,labour,6751502
IRL,PBPA,242,People Before Profit Alliance,3252882,peopleb4profit,Ireland,2005,9999,1,2011,NA,TRUE,TRUE,TRUE,TRUE,pb4p,NA,NA,NA,pb4p,237487471
IRL,RI,4869,Renua Ireland,3193280,renuairl,Ireland,2016,2016,2.2,2016,NA,TRUE,TRUE,TRUE,TRUE,RENUAIreland,NA,NA,NA,renuaireland,NA
IRL,DS,4870,Social Democrats,2300730,socialdemocratsireland,Ireland,2015,9999,3,2016,NA,TRUE,TRUE,TRUE,TRUE,SocDems,NA,NA,NA,socdems,3092798375
IRL,WP,208,Workers Party,3193301,workerspartyireland,Ireland,1970,9999,5,1989,NA,TRUE,TRUE,TRUE,TRUE,workersparty,NA,NA,NA,workersparty,5956402
ITA,LeU,8246,Free and Equal,2656819,liberieuguali2018,Italy,2017,9999,3.4,2018,NA,TRUE,TRUE,TRUE,TRUE,liberi_uguali,NA,NA,NA,liberi_uguali,937357777294544900
ITA,SI,1212,Italian Left,7319858,lasinistraguengl,Italy,2009,9999,3.2,2013,NA,TRUE,TRUE,TRUE,TRUE,SinistraUe,NA,NA,NA,sinistraue,1115988278614921200
ITA,TSIPRAS,6685,The Other Europe with Tsipras,888313,AltraEuropaConTsipras,Italy,2014,9999,4,2014,NA,TRUE,TRUE,TRUE,TRUE,altraeuropa,NA,NA,NA,altraeuropa,2322374534
ITA,NcI,6158,Us with Italy,2868177,NoiconlitaliaOfficial,Italy,2017,2018,1.3,2018,NA,TRUE,TRUE,TRUE,TRUE,noiconitalia,NA,NA,NA,noiconitalia,943183744562880500
LVA,AP!,8393,Development/For!,7067956,Attistibai.Par,Latvia,2018,9999,12,2018,NA,TRUE,TRUE,TRUE,TRUE,AttistibaiPar,NA,NA,NA,attistibaipar,510248658
MLT,PD,7354,Democratic Party,248000000000000,PartitDemokratiku,Malta,2016,9999,2,2019,NA,TRUE,TRUE,TRUE,TRUE,Demokratiku,NA,NA,NA,demokratiku,NA
NIR,APNI,3257,Alliance Party of Northern Ireland,348423,alliancepartyni,Northern Ireland,1970,9999,9.8,1975,NA,TRUE,TRUE,TRUE,TRUE,allianceparty,NA,NA,NA,allianceparty,22997097
NIR,NIC,694,Northern Ireland Conservatives,221000000000000,niconservatives,Northern Ireland,1989,9999,4.8,1989,NA,TRUE,TRUE,TRUE,TRUE,NIConservative,NA,NA,NA,niconservative,302083166
NIR,PUP,642,Progressive Unionist Party,560000000000000,ProgressiveUnionistPartyNi,Northern Ireland,1979,9999,2.6,1998,NA,TRUE,TRUE,TRUE,TRUE,officialPUP,NA,NA,NA,officialpup,883163772
ESP,CEP,5853,Coalition for the Europe of the Peoples,12065158,ceuscoalition,Spain,1987,2014,5.4,2014,NA,TRUE,TRUE,TRUE,TRUE,CEUScoalition,NA,NA,NA,ceuscoalition,1124931807965790200
ESP,PSC-PSOE,586,Socialists' Party of Catalonia,472651,PSC,Spain,1978,9999,3.8,2011,NA,TRUE,TRUE,TRUE,TRUE,socialistes_cat,NA,NA,NA,socialistes_cat,15133318
GBR,All,1477,Alliance Party of Northern Ireland,10642639740,alliancepartyni,UK,1970,9999,7.7,2011,NA,TRUE,TRUE,TRUE,TRUE,allianceparty,NA,NA,NA,allianceparty,22997097
GBR,PO,8360,Workers' Party of Ireland,320000000000000,workerspartyireland,UK,1970,9999,5,1989,NA,TRUE,TRUE,TRUE,TRUE,workersparty,NA,NA,NA,workersparty,5956402
BGR,SDS,482,Union of Democratic Forces,NA,sdsbul,Bulgaria,1989,9999,34.4,1991,NA,FALSE,TRUE,TRUE,FALSE,NA,link in case it's needed: https://www.facebook.com/%D0%A1%D1%8A%D1%8E%D0%B7-%D0%BD%D0%B0-%D0%94%D0%B5%D0%BC%D0%BE%D0%BA%D1%80%D0%B0%D1%82%D0%B8%D1%87%D0%BD%D0%B8%D1%82%D0%B5-%D0%A1%D0%B8%D0%BB%D0%B8-191375010936/,NA,NA,NA,NA
HRV,HDSSB,2347,Croatian Democratic Alliance of Slavonia and Baranja,NA,hdssb.hr,Croatia,2006,9999,3,2011,NA,FALSE,TRUE,TRUE,FALSE,NA,NA,NA,NA,NA,NA
HRV,SDSS,2348,Independent Democratic Serb Party,NA,samostalna-demokratska-srpska-stranka-sdss-121388167968667,Croatia,1997,9999,1.5,2007,NA,FALSE,TRUE,TRUE,FALSE,NA,NA,NA,NA,NA,NA
HRV,RiDS-PGS,3133,Rijeka Democratic Alliance -- Alliance of Primorje-Gorski Kotar,NA,jadranko.goranski,Croatia,1990,9999,2.8,2011,NA,FALSE,TRUE,TRUE,FALSE,NA,NA,NA,NA,NA,NA
CZE,SPR‚ÄìRSƒå,1657,Coalition for Republic ‚Äì Republican Party of Czechoslovakia,NA,sprrsc.cz,Czech Republic,1989,9999,8,1996,x,FALSE,TRUE,TRUE,FALSE,NA,"The Twitter page listed on the party's offical website is for a party offical, and I can't find a party Twitter page.  here's the official's handle in case this is good: @MSladek2015",NA,NA,NA,NA
CZE,DSSS,805,Workers' Party of Social Justice,NA,dsss.cz,Czech Republic,2009,9999,1.1,2010,NA,FALSE,TRUE,TRUE,FALSE,NA,NA,NA,NA,NA,NA
DNK,FrP,1601,Progress Party,NA,Fremskridtspartiet,Denmark,1973,9999,15.9,1973,NA,FALSE,TRUE,TRUE,FALSE,NA,NA,NA,NA,NA,NA
EST,EKD,790,Estonian Christian Democrats,NA,EKD,Estonia,1990,9999,2.4,1999,NA,FALSE,TRUE,TRUE,FALSE,NA,NA,NA,NA,NA,NA
GRC,D-FS,1130,Action -- Liberal Alliance,NA,drassi.gr,Greece,2009,9999,1.8,2012,x,FALSE,TRUE,TRUE,FALSE,NA,The party was suspended in 2019,NA,NA,NA,NA
HUN,FKgP,1294,Independent Smallholders Party (1988),NA,FKgP,Hungary,1930,9999,13.1,1998,x,FALSE,TRUE,TRUE,FALSE,NA,"Interestingly enough, their offical page is their FB page!",NA,NA,NA,NA
ITA,CD,2278,Democratic Centre,NA,centro.democratico.ita,Italy,2013,9999,0.5,2013,NA,FALSE,TRUE,TRUE,FALSE,NA,NA,NA,NA,NA,NA
ITA,FdV,851,Federation of the Greens,NA,europaverde.verdi,Italy,1987,9999,2.8,1992,NA,FALSE,TRUE,TRUE,FALSE,NA,"The only Twitter handles I could find were for local parties, not a 'main' party one",NA,NA,NA,NA
LVA,ViLa,3195,United for Latvia,NA,Vienti-Latvijai,Latvia,2011,9999,1.2,2014,x,FALSE,TRUE,TRUE,FALSE,NA,"There are a few Twitter accounts with similar names, but none are very active or verified",NA,NA,NA,NA
LVA,LZS,1702,Latvian Farmers' Union,2831386,lzsropazi,Latvia,1917,9999,10.7,1993,NA,TRUE,TRUE,TRUE,FALSE,NA,NA,NA,NA,NA,NA
LTU,ULL,8257,For Lithuania in Lithuania,311000000000000,uzlietuvalietuvoje,Lithuania,2012,2014,1,2012,NA,TRUE,TRUE,TRUE,FALSE,NA,NA,NA,NA,NA,NA
LTU,LiCS,1193,Liberal and Centre Union,176000000000000,lics.lt,Lithuania,2003,2014,9.2,2004,X,TRUE,TRUE,TRUE,FALSE,NA,NA,Merged into the freedom union (row 373) in 2014,NA,NA,NA
LTU,LLS,1410,Lithuanian Liberty Union,102000000000000,laisveirteisingumaspartija,Lithuania,1992,2011,1.6,1996,X,TRUE,TRUE,TRUE,FALSE,NA,NA,Changed name to Laisvė ir Teisingumas from Lietuvos Laisvės Sąjunga in 2020.,NA,NA,NA
LTU,List,6738,Lithuanian List,339000000000000,ltsarasas,Lithuania,2012,9999,1.8,2016,NA,TRUE,TRUE,TRUE,FALSE,NA,NA,NA,NA,NA,NA
LTU,LLP,8256,Lithuanian People's Party,268000000000000,lietuvosliaudiespartija,Lithuania,2014,2014,1.1,2016,NA,TRUE,TRUE,TRUE,FALSE,NA,NA,NA,NA,NA,NA
LTU,LSDS,8258,Lithuanian Social Democratic Union,NA,lietuvossocialdemokratusajunga,Lithuania,1999,2014,0.9,2008,X,TRUE,TRUE,TRUE,FALSE,NA,NA,Dissolved in 2014 but FB page is still up,NA,NA,NA
LTU,LSDDP,7352,Social Democratic Labour Party of Lithuania,154000000000000,lsddpartija,Lithuania,2018,9999,2.4,2019,NA,TRUE,TRUE,TRUE,FALSE,NA,NA,NA,NA,NA,NA
LTU,DK,74,The Way of Courage,671000000000000,drasos.kelias.partija,Lithuania,2012,9999,8,2012,NA,TRUE,TRUE,TRUE,FALSE,NA,NA,NA,NA,NA,NA
LUX,KPL,1647,Communist Party of Luxembourg,132000000000000,kommunistesch.partei,Luxembourg,1945,9999,16.9,1948,NA,TRUE,TRUE,TRUE,FALSE,NA,NA,NA,NA,NA,NA
NOR,NKP,1079,Communist Party of Norway,158000000000000,norgeskommunistiskeparti,Norway,1923,9999,11.9,1945,NA,TRUE,TRUE,TRUE,FALSE,NA,NA,Seems their twitter account @nkpnorge has been deleted.,NA,NA,NA
POL,ROP,1712,Movement for the Reconstruction of Poland,NA,ropimjo,Poland,1995,2012,5.6,1997,X,TRUE,TRUE,TRUE,FALSE,NA,NA,"I'm a little confused by this one because the FB page I found (under the name ROPimJO rather than just ROP) has  posts up until 2019, but what I can find online says that the party ceased operations in 2012... It could be that they kept posting even though the party was dissolved, but it doesn't seem normal based on the other parties I've looked at. The FB page seems legit though. For twitter: Can't find anything that looks like an official party handle.",This is odd but let's keep it. We can always drop the later data from when they have been inactive.,NA,NA
POL,PjN,41,Poland is the Most Important,NA,polskajestnajwazniejsza,Poland,2010,2013,2.2,2011,NA,TRUE,TRUE,TRUE,FALSE,NA,NA,Can't find anything that looks like an official party handle.,NA,NA,NA
PRT,ID,387,Democratic Intervention,511000000000000,intervencaodemocratica1987,Portugal,1987,9999,0.8,1987,NA,TRUE,TRUE,TRUE,FALSE,NA,NA,Can't find anything that looks like an official party handle.,NA,NA,NA
PRT,POUS/PST,1106,Workers Party of Socialist Unity,NA,pous4,Portugal,1980,9999,1.4,1980,NA,TRUE,TRUE,TRUE,FALSE,NA,NA,Can't find anything that looks like an official party handle.,NA,NA,NA
ROU,PP-DD,2474,People's Party ‚Äì Dan Diaconescu,NA,ppdd.official,Romania,2011,9999,14,2012,NA,TRUE,TRUE,TRUE,FALSE,NA,NA,Can't find anything that looks like an official party handle.,NA,NA,NA
ROU,PRU,5854,United Romania Party,798000000000000,pruoficial,Romania,2016,9999,2.8,2016,NA,TRUE,TRUE,TRUE,FALSE,NA,NA,Can't find anything that looks like an official party handle.,NA,NA,NA
SVK,99%,629,99 Percent ‚Äì Civic Voice,295000000000000,mysme99percent,Slovakia,2011,9999,1.6,2012,NA,TRUE,TRUE,TRUE,FALSE,NA,NA,Can't find anything that looks like an official party handle.,NA,NA,NA
SVK,ZZ-DS,1181,"Change from the Bottom, Democratic Union of Slovakia",210000000000000,zmenazdola,Slovakia,2012,9999,1.3,2012,NA,TRUE,TRUE,TRUE,FALSE,NA,NA,Can't find anything that looks like an official party handle.,NA,NA,NA
SVK,OKS,665,Civic Conservative Party,56934005952,obcianska.konzervativna.strana,Slovakia,2004,9999,2.3,2010,NA,TRUE,TRUE,TRUE,FALSE,NA,NA,Can't find anything that looks like an official party handle.,NA,NA,NA
SVK,KSS,340,Communist Party of Slovakia,604000000000000,komunistickastranaslovenska,Slovakia,1992,9999,6.3,2002,NA,TRUE,TRUE,TRUE,FALSE,NA,NA,Can't find anything that looks like an official party handle.,NA,NA,NA
SVK,Za,8394,Forthe People,211e13,zaludisk,Slovakia,2019,9999,5.8,2020,NA,TRUE,TRUE,TRUE,FALSE,NA,NA,"Couldn't find an official party twitter, only the party leader's twitter",NA,NA,NA
SVK,NOVA,6686,New Majority,192000000000000,novavacsina,Slovakia,2012,9999,6.8,2014,NA,TRUE,TRUE,TRUE,?,NA,NA,"I found this twitter handle: @nova_vacsina, but it doesn't seem official and has very few followers.",NA,NA,NA
SVK,SDKU-DS,1617,Slovak Democratic and Christian Union ‚Äì Democratic Party,141000000000000,demokratickastrana,Slovakia,2000,9999,18.4,2006,NA,TRUE,TRUE,TRUE,FALSE,NA,NA,Can't find anything on Twitter.,NA,NA,NA
SVN,LIPA,881,Party Lime Tree,38787747531,strankalipa,Slovenia,2008,9999,1.8,2008,NA,TRUE,TRUE,TRUE,FALSE,NA,NA,FB page hasn't been active since 2012 and I can't find anything on Twitter.,NA,NA,NA
ESP,CiU,139,Convergence and Unity,134000000000,ciu.cat,Spain,1977,2015,5.1,1989,NA,TRUE,TRUE,TRUE,FALSE,NA,NA,"Party dissolved in 2015, FB page is still up but I can't find anything on Twitter.",NA,NA,NA
ESP,UDC,4796,Democratic Union of Catalonia,284000000000000,unio.cat,Spain,1931,2017,1.7,2011,NA,TRUE,TRUE,TRUE,FALSE,NA,NA,"Party dissolved in 2017, FB page is still up but I can't find anything on Twitter.",NA,NA,NA
BGR,M21,3200,Movement 21,NA,D21Bulgaria,Bulgaria,2014,2014,1.2,2014,NA,FALSE,TRUE,TRUE,FALSE,NA,No luck with locating a Twitter handle,NA,NA,NA,NA
BGR,Volya,5863,Will,NA,VolyaZaRazvitie,Bulgaria,2017,9999,4.3,2017,x,FALSE,TRUE,TRUE,FALSE,NA,"They have the icon for Twitter on their offical website but it just redirects back to the main page, nothing came up in searches",NA,NA,NA,NA
HRV,HSU,2062,Croatian Party of Pensioners,NA,hrvatskastrankaumirovljenika,Croatia,1996,9999,4.1,2003,NA,FALSE,TRUE,TRUE,FALSE,NA,NA,NA,NA,NA,NA
HRV,HSP-1861,3142,Croatian Party of Right of 1861,NA,IstinskiPravasi,Croatia,1995,9999,1.1,2000,NA,FALSE,TRUE,TRUE,FALSE,NA,NA,NA,NA,NA,NA
HRV,HSP-AS,3706,Croatian Party of Rights -- Dr. Ante Starcevic,NA,hspAnteStarcevic,Croatia,2009,9999,0.6,2011,NA,FALSE,TRUE,TRUE,FALSE,NA,NA,NA,NA,NA,NA
CZE,KAN,2142,Club of committed Non-Party Members,NA,KANoficialni,Czech Republic,1990,9999,2.7,1992,NA,FALSE,TRUE,TRUE,FALSE,NA,NA,NA,NA,NA,NA
CZE,LIDEM,1127,LIDEM,NA,stranakonzervativnipravice,Czech Republic,2012,9999,4,2012,x,FALSE,TRUE,TRUE,FALSE,NA,"Ok so this one is kind of a trip.... according to Wiki, LIDEM changed its name to Order of the Nation, which is Rad Naroda(RN) in czech.  Looks like they've since added conservative right party to their name, which is where the FB handle comes from (conservative right party in czech + rad naroda = SKP RN)",NA,NA,NA,NA
CZE,SNK-ED,751,SNK European Democrats,NA,snked,Czech Republic,2004,9999,2.8,2002,NA,FALSE,TRUE,TRUE,FALSE,NA,NA,NA,NA,NA,NA
CZE,S-JB,293,Sovereignty ‚Äì Jana Bobosikova Bloc,NA,ceskasuverenita,Czech Republic,2009,9999,3.7,2010,NA,FALSE,TRUE,TRUE,FALSE,NA,NA,NA,NA,NA,NA
DNK,Siumut,6651,Forward,NA,partiisiumut,Denmark,1971,9999,5.6,1979,NA,FALSE,TRUE,TRUE,FALSE,NA,NA,NA,NA,NA,NA
DNK,SK,7338,Hard Line,NA,StramKurs,Denmark,2017,9999,1.8,2019,NA,FALSE,TRUE,TRUE,FALSE,NA,NA,NA,NA,NA,NA
DNK,LA,212,[New] Liberal Alliance,NA,LiberalAlliance,Denmark,2007,9999,7.4,2015,NA,FALSE,TRUE,TRUE,FALSE,NA,NA,NA,NA,NA,NA
EST,EV,3271,Free Party,NA,eestivabaerakond,Estonia,2014,9999,8.7,2015,x,FALSE,TRUE,TRUE,FALSE,NA,Recently merged with the Estonian biodiversity party to make the Estonian Party For the Future,NA,NA,NA,NA
FRA,PR,14,Radical [Socialist] Party,NA,Parti radical,France,1901,2017,28.5,1906,x,FALSE,TRUE,TRUE,FALSE,NA,"This party and the radical party of the left (row 198) had merger negotiations in 2017 that kind of fell apart - this party got some members of radical party of the left and a name change, while radical party of the left dissolved, and was later resurrected",NA,NA,NA,NA
GRC,E-OAD,7346,"Greece, the Other Way",NA,elladaoallosdromos,Greece,2017,9999,1.2,2019,NA,FALSE,TRUE,TRUE,FALSE,NA,NA,NA,NA,NA,NA
GRC,KEK,2508,Party of Greek Hunters,NA,kommaellinonkinigon,Greece,1990,9999,1.3,2009,NA,FALSE,TRUE,TRUE,FALSE,NA,NA,NA,NA,NA,NA
IRL,ULA,1978,United Left Alliance,NA,UnitedLeftAlliance,Ireland,2010,2013,2.7,2011,x,FALSE,TRUE,TRUE,FALSE,NA,"This is not a political party but a political alliance. According to wiki The United Left Alliance (Irish: Comhaontas Aontaithe an Chlé)[2] was an electoral alliance of left-wing political parties and independent politicians in the Republic of Ireland, formed to contest the 2011 general election. The grouping originally consisted of three existing political parties, the Socialist Party, the People Before Profit Alliance (PBPA), and the Workers and Unemployed Action Group (WUAG),[3] as well as former members of the Labour Party.[4]",NA,NA,NA,NA
ITA,SC,2281,Civic Choice,NA,SceltaCivica,Italy,2013,9999,8.3,2013,x,FALSE,TRUE,TRUE,FALSE,NA,"According to wiki: Following the 2018 Italian general election, the party was disbanded on 24 July 2019.  The only Twitter handles I could find were for local parties, not a 'main' party one",NA,NA,NA,NA
ITA,PRI,394,Italian Republican Party,NA,PartitoRepubblicanoItalianoOFFICIAL,Italy,1895,9999,6.2,1900,NA,FALSE,TRUE,TRUE,FALSE,NA,"The only Twitter handle I could find was for the Rome section, not the offical party page",NA,NA,NA,NA
ITA,IdV,768,List Di Pietro -- Italy of Values,NA,idvitalia,Italy,2001,9999,4.5,2008,NA,FALSE,TRUE,TRUE,FALSE,NA,"The only Twitter handles I could find were for local parties, not a 'main' party one",NA,NA,NA,NA
ITA,IPdL,365,The People of Freedom,NA,IlPopolodellaLiberta2018,Italy,2009,2013,37.2,2008,NA,FALSE,TRUE,TRUE,FALSE,NA,"The only Twitter handles I could find were for local parties, not a 'main' party one",NA,NA,NA,NA
LVA,NsL,3193,For Latvia from the Heart,NA,NoSirdsLatvijaiRiga,Latvia,2014,9999,6.8,2014,x,FALSE,TRUE,TRUE,FALSE,NA,This party disbanded in 2018.,NA,NA,NA,NA
LVA,ZZS,701,Green and Farmers' Union,NA,ZalounZemniekuSavieniba,Latvia,2002,9999,20.1,2010,NA,FALSE,TRUE,TRUE,FALSE,NA,NA,NA,NA,NA,NA
LVA,LKS/RSL,5657,Latvian Russian Union,NA,rusojuz,Latvia,2007,9999,1.6,2014,x,FALSE,TRUE,TRUE,FALSE,NA,"According to Wiki, For Human Rights in United Latvia (Row 337) changed its name to the Latvian russion Union  in 2014",NA,NA,NA,NA
LVA,TP,1755,People's Party,NA,Tautaspartija,Latvia,1998,2011,21.2,1998,x,FALSE,TRUE,TRUE,FALSE,NA,This party disbanded in 2011,NA,NA,NA,NA
HRV,NA,-99999999,NA,11959496,narodnakoalicija,Croatia,NA,NA,NA,NA,x,FALSE,TRUE,TRUE,FALSE,NA,NA,"Centre-left coalition https://en.wikipedia.org/wiki/Restart_Coalition. Similar as above -- not sure if we want to use this, as it's not on PartyFacts.",NA,NA,NA
DEU,NA,-99999999,NA,8375449,FamilienParteiDeutschlands,Germany,NA,NA,NA,NA,x,FALSE,TRUE,TRUE,FALSE,NA,NA,"This is just a minor political party with elected officials in some areas, but seems legitimate and got almost .7% of the vote in the 2019 EU elections but have hardly received any votes in recent federal elections https://en.wikipedia.org/wiki/Family_Party_of_Germany",NA,NA,NA
GRC,NA,-99999999,NA,12065207,eek.trotskistes,Greece,NA,NA,NA,NA,x,FALSE,TRUE,TRUE,FALSE,NA,NA,Another small but legitimate party https://en.wikipedia.org/wiki/Workers_Revolutionary_Party_(Greece),NA,NA,NA
HUN,NA,-99999999,NA,12065176,AHazaPartja,Hungary,NA,NA,NA,NA,x,FALSE,TRUE,TRUE,FALSE,NA,NA,Another small but legitimate party https://en.wikipedia.org/wiki/Motherland_Party_(Hungary),NA,NA,NA
EST,TEE,429,Future’s Estonia Party,6329051,iseseisvuspartei,Estonia,NA,NA,NA,NA,x,TRUE,TRUE,TRUE,FALSE,NA,NA,"PartyFacts has the party's old name listed as its current one, but I believe these are the same https://en.wikipedia.org/wiki/Estonian_Independence_Party",NA,NA,NA
AUT,FPO,463,Freedom Party of Austria,1182478,fpoe,Austria,1949,9999,26.9,1999,NA,TRUE,TRUE,TRUE,FALSE,NA,NA,"Their offical website links to @Schwarzer_Faden which doesn't seem to be an offical party twitter handle. Found this one @FPOE_TV thru searches, links to their YouTube page but does not appear to be 'official'",NA,NA,NA
BGR,Attack,4798,Attack,1640892,ataka.pobeda,Bulgaria,2005,9999,4.5,2014,NA,TRUE,TRUE,TRUE,FALSE,NA,NA,NA,NA,NA,NA
BGR,BNG,2058,Bulgaria for Citizens Movement,12065202,GrajdaniNI,Bulgaria,2012,9999,3.3,2013,NA,TRUE,TRUE,TRUE,FALSE,NA,NA,NA,NA,NA,NA
BGR,BBZ,3188,Bulgaria without Censorship,12065168,bulgariabezcenzurabs,Bulgaria,2014,9999,5.7,2014,NA,TRUE,TRUE,TRUE,FALSE,NA,NA,NA,NA,NA,NA
BGR,DSB,1195,Democrats for a Strong Bulgaria,7052408,dsb.bg,Bulgaria,2004,9999,6.4,2005,NA,TRUE,TRUE,TRUE,FALSE,NA,NA,NA,NA,NA,NA
BGR,IMRO,2056,IMRO -- Bulgarian National Movement,5558494,www.vmro.bg,Bulgaria,1989,9999,1.9,2013,NA,TRUE,TRUE,TRUE,FALSE,NA,NA,NA,NA,NA,NA
BGR,DPS,982,Movement for Rights and Freedoms,12065201,dps15.plewen,Bulgaria,1990,9999,14.8,2014,NA,TRUE,TRUE,TRUE,FALSE,NA,NA,NA,NA,NA,NA
BGR,NFSB,2057,National Front for the Salvation of Bulgaria,5558410,dsb.bg,Bulgaria,2011,9999,7.3,2014,NA,TRUE,TRUE,TRUE,FALSE,NA,NA,NA,NA,NA,NA
BGR,NDSV,374,National Movement (Simeon II) for Stability and Progress,535093,ppndsv,Bulgaria,2001,9999,42.7,2001,NA,TRUE,TRUE,TRUE,FALSE,NA,NA,NA,NA,NA,NA
BGR,OP,6115,United Patriots,5563424,obedinenipatrioti,Bulgaria,2016,9999,9.1,2017,NA,TRUE,TRUE,TRUE,FALSE,NA,NA,NA,NA,NA,NA
HRV,Most,4865,Bridge of Independent Lists,6108286,MostNezavisnihLista,Croatia,2015,9999,12.8,2015,NA,TRUE,TRUE,TRUE,FALSE,NA,NA,NA,NA,NA,NA
HRV,HSP,253,Croatian Party of Rights,11542226,hrvatska.stranka.prava.hr,Croatia,1990,9999,6.5,2003,NA,TRUE,TRUE,TRUE,FALSE,NA,NA,NA,NA,NA,NA
HRV,HNS,799,Croatian People's Party ‚Äì Liberal Democrats,449330,hns.hr,Croatia,1990,9999,8.3,2003,NA,TRUE,TRUE,TRUE,FALSE,NA,NA,NA,NA,NA,NA
HRV,ZiZi,4867,Human Shield,848784,zivizidd,Croatia,2011,9999,4,2015,NA,TRUE,TRUE,TRUE,FALSE,NA,NA,NA,NA,NA,NA
HRV,NHR,7422,Independents for Croatia,6108288,NHRvatsku,Croatia,2017,9999,4.4,2019,NA,TRUE,TRUE,TRUE,FALSE,NA,NA,NA,NA,NA,NA
HRV,P,7336,Intelligently,11908257,pametno.org,Croatia,2015,9999,1.4,2019,NA,TRUE,TRUE,TRUE,FALSE,NA,NA,NA,NA,NA,NA
HRV,MB,5452,Milan Bandic 365 -- The Party of Labour and Solidarity,8375460,strankaradaisolidarnosti,Croatia,2015,9999,3.8,2016,NA,TRUE,TRUE,TRUE,FALSE,NA,NA,NA,NA,NA,NA
CZE,ANO,2141,Action of Dissatisfied Citizens,395251,anobudelip,Czech Republic,2011,9999,18.6,2013,NA,TRUE,TRUE,TRUE,FALSE,NA,NA,NA,NA,NA,NA
CZE,KSCM,1728,Communist Party of Bohemia and Moravia,2181001,komunistickastranacechamoravy,Czech Republic,1990,9999,18.5,2002,NA,TRUE,TRUE,TRUE,FALSE,NA,NA,NA,NA,NA,NA
CZE,UPD,2049,Dawn of Direct Democracy,12065184,HnutiUsvit,Czech Republic,2011,9999,6.9,2013,NA,TRUE,TRUE,TRUE,FALSE,NA,NA,NA,NA,NA,NA
CZE,SPD,6125,Freedom and Direct Democracy,5558250,hnutispd,Czech Republic,2015,9999,10.6,2017,NA,TRUE,TRUE,TRUE,FALSE,NA,"FB, Insta, and YouTube on offical website are for Tomie Okamura, party leader, not official pages",NA,NA,NA,NA
CZE,SPOZ / SPO,1272,Party of Civic Rights ‚Äì Zeman's people / Party of Civic Rights,9966391,stranaprav,Czech Republic,2009,9999,4.3,2010,NA,TRUE,TRUE,TRUE,FALSE,NA,NA,NA,NA,NA,NA
DNK,NB,7339,The New Right,2596952,nyeborgerlige,Denmark,2015,9999,2.4,2019,NA,TRUE,TRUE,TRUE,FALSE,NA,NA,NA,NA,NA,NA
EST,E200,7340,Estonia 200,4497308,Eesti200erakond,Estonia,2018,9999,4.4,2019,NA,TRUE,TRUE,TRUE,FALSE,NA,NA,NA,NA,NA,NA
EST,ELE,7341,Richness of Life,4497329,elurikkuseerakond,Estonia,2018,9999,1.2,2019,NA,TRUE,TRUE,TRUE,FALSE,NA,NA,NA,NA,NA,NA
DEU,SPD,383,Social Democratic Party of Germany,339048,SPD,Germany,1875,9999,45.8,1972,x,TRUE,TRUE,TRUE,FALSE,NA,NA,NA,NA,NA,NA
DEU,Rep,720,The Republicans,12045799,Republikaner.SBK,Germany,1983,9999,2.1,1990,NA,TRUE,TRUE,TRUE,FALSE,NA,NA,NA,NA,NA,NA
GRC,LAOS,965,Popular Orthodox Rally,11959524,organotikoLaos,Greece,2004,9999,5.6,2009,NA,TRUE,TRUE,TRUE,FALSE,NA,NA,NA,NA,NA,NA
GRC,LE,4512,Popular Unity,11959523,LaikiEnotitaOfficial,Greece,2015,9999,2.9,2015,NA,TRUE,TRUE,TRUE,FALSE,NA,NA,NA,NA,NA,NA
HUN,√ñ,8265,Unity,8346372,osszefogas.spolupatricnost,Hungary,2014,2014,25.6,2014,NA,TRUE,TRUE,TRUE,FALSE,NA,NA,NA,NA,NA,NA
ITA,NCD,2052,New Centre-Right,12065163,emanuele.esposito.3939503,Italy,2013,2017,4.4,2014,NA,TRUE,TRUE,TRUE,FALSE,NA,NA,NA,NA,NA,NA
LVA,SDPS,5976,"Social Democratic Party ""Harmony""",2831345,sdpsLV,Latvia,2009,9999,23,2014,NA,TRUE,TRUE,TRUE,FALSE,NA,NA,NA,NA,NA,NA
LTU,LLRA,556,Election Action of Lithuania's Poles,12065174,trakulenkai,Lithuania,1992,9999,5.8,2012,NA,TRUE,TRUE,TRUE,FALSE,NA,NA,NA,NA,NA,NA
LTU,LCP,5455,Lithuanian Centre Party,8309858,centristai,Lithuania,2003,9999,6.3,2016,NA,TRUE,TRUE,TRUE,FALSE,NA,NA,NA,NA,NA,NA
LTU,LV≈ΩS / LVLS,1490,Lithuanian Farmers and Greens Union / Lithuanian Peasant Popular Union,7530926,gandrai,Lithuania,2001,9999,22.5,2016,NA,TRUE,TRUE,TRUE,FALSE,NA,NA,NA,NA,NA,NA
LTU,LZP,1407,Lithuanian Green Party,7050021,Lietuvoszaliujupartija,Lithuania,2011,9999,2,2016,NA,TRUE,TRUE,TRUE,FALSE,NA,NA,NA,NA,NA,NA
LTU,LTS,377,Lithuanian National Union,108000000000000,tautininkai,Lithuania,1924,9999,2,1992,NA,TRUE,TRUE,TRUE,NA,NA,NA,NA,NA,NA,NA
LTU,LSDP,64,Lithuanian Social Democratic Party,7530821,socdemai,Lithuania,1896,9999,20.6,2004,NA,TRUE,TRUE,TRUE,FALSE,NA,NA,NA,NA,NA,NA
LTU,TT-LDP,237,Order and Justice ‚Äì Liberal Democratic Party,6314407,tvarka.lt,Lithuania,2002,9999,12.7,2008,NA,TRUE,TRUE,TRUE,FALSE,NA,NA,NA,NA,NA,NA
POL,UP,1104,Labour Union,6960073,uniapracy.org,Poland,1993,9999,7.3,1993,NA,TRUE,TRUE,TRUE,FALSE,NA,NA,Can't find anything that looks like an official party handle.,NA,NA,NA
ROU,PNT-CD,1750,Christian-Democratic National Peasants' Party,12045697,PNTCD.National,Romania,1990,9999,2.6,1990,NA,TRUE,TRUE,TRUE,FALSE,NA,NA,Can't find anything that looks like an official party handle.,NA,NA,NA
ROU,PC/PUR,1443,Conservative Party / Romanian Humanist Party,12065215,PartidulConservator,Romania,1991,2015,5.3,2004,x,TRUE,TRUE,TRUE,FALSE,NA,NA,Can't find anything that looks like an official party handle.,NA,NA,NA
ROU,PER,1373,Romanian Ecologist Party,12065171,PartidulESR,Romania,1990,9999,1.7,1990,NA,TRUE,TRUE,TRUE,FALSE,NA,NA,Can't find anything that looks like an official party handle.,NA,NA,NA
SVK,KU,7360,Christian Union,8819049,KrestanskaUniaOfficial,Slovakia,2019,9999,3.9,2019,NA,TRUE,TRUE,TRUE,FALSE,NA,NA,Can't find anything that looks like an official party handle.,NA,NA,NA
SVK,OƒΩaNO,2130,Ordinary People and Independents,2168418,obycajni.ludia.a.nezavisle.osobnosti,Slovakia,2011,9999,8.6,2012,NA,TRUE,TRUE,TRUE,FALSE,NA,NA,Can't find any twitter handle related to the party.,NA,NA,NA
SVK,SMK-MKP,349,Party of the Hungarian Coalition / Party of the Hungarian Community,6298462,mkp.smk,Slovakia,1998,9999,11.7,2006,X,TRUE,TRUE,TRUE,FALSE,NA,NA,Can't find any twitter handle related to the party.,NA,NA,NA
SVK,LsNS,656,People's Party Our Slovakia,2655728,lsnsbb,Slovakia,2010,9999,1.6,2012,NA,TRUE,TRUE,TRUE,FALSE,NA,NA,Can't find any twitter handle related to the party.,NA,NA,NA
SVK,SR,4873,We are family ‚Äì Boris Kollar,2168416,HnutieSmeRodina,Slovakia,2015,9999,6.6,2016,NA,TRUE,TRUE,TRUE,FALSE,NA,NA,Can't find anything that resembles an official twitter account.,NA,NA,NA
